name,base_total,generation,img,type1,type2,is_starter,is_legendary,is_pseudo_legendary,is_fossil,against_normal,against_fighting,against_flying,against_poison,against_ground,against_rock,against_bug,against_ghost,against_steel,against_fire,against_water,against_grass,against_electric,against_psychic,against_ice,against_dragon,against_dark,against_fairy
rowlet,320,7,https://img.pokemondb.net/sprites/scarlet-violet/icon/rowlet.png,grass,flying,0,0,0,0,1.0,0.5,2.0,2.0,0.0,2.0,1.0,1.0,1.0,2.0,0.5,0.25,1.0,1.0,4.0,1.0,1.0,1.0
dartrix,420,7,https://img.pokemondb.net/sprites/scarlet-violet/icon/dartrix.png,grass,flying,0,0,0,0,1.0,0.5,2.0,2.0,0.0,2.0,1.0,1.0,1.0,2.0,0.5,0.25,1.0,1.0,4.0,1.0,1.0,1.0
decidueye,530,7,https://img.pokemondb.net/sprites/scarlet-violet/icon/decidueye.png,grass,ghost,1,0,0,0,0.0,0.0,2.0,1.0,0.5,1.0,1.0,2.0,1.0,2.0,0.5,0.5,0.5,1.0,2.0,1.0,2.0,1.0
litten,320,7,https://img.pokemondb.net/sprites/scarlet-violet/icon/litten.png,fire,,0,0,0,0,1.0,1.0,1.0,1.0,2.0,2.0,0.5,1.0,0.5,0.5,2.0,0.5,1.0,1.0,0.5,1.0,1.0,0.5
torracat,420,7,https://img.pokemondb.net/sprites/scarlet-violet/icon/torracat.png,fire,,0,0,0,0,1.0,1.0,1.0,1.0,2.0,2.0,0.5,1.0,0.5,0.5,2.0,0.5,1.0,1.0,0.5,1.0,1.0,0.5
incineroar,530,7,https://img.pokemondb.net/sprites/scarlet-violet/icon/incineroar.png,fire,dark,1,0,0,0,1.0,2.0,1.0,1.0,2.0,2.0,1.0,0.5,0.5,0.5,2.0,0.5,1.0,0.0,0.5,1.0,0.5,1.0
popplio,320,7,https://img.pokemondb.net/sprites/scarlet-violet/icon/popplio.png,water,,0,0,0,0,1.0,1.0,1.0,1.0,1.0,1.0,1.0,1.0,0.5,0.5,0.5,2.0,2.0,1.0,0.5,1.0,1.0,1.0
brionne,420,7,https://img.pokemondb.net/sprites/scarlet-violet/icon/brionne.png,water,,0,0,0,0,1.0,1.0,1.0,1.0,1.0,1.0,1.0,1.0,0.5,0.5,0.5,2.0,2.0,1.0,0.5,1.0,1.0,1.0
primarina,530,7,https://img.pokemondb.net/sprites/scarlet-violet/icon/primarina.png,water,fairy,1,0,0,0,1.0,0.5,1.0,2.0,1.0,1.0,0.5,1.0,1.0,0.5,0.5,2.0,2.0,1.0,0.5,0.0,0.5,1.0
pikipek,265,7,https://img.pokemondb.net/sprites/scarlet-violet/icon/pikipek.png,normal,flying,0,0,0,0,1.0,1.0,1.0,1.0,0.0,2.0,0.5,0.0,1.0,1.0,1.0,0.5,2.0,1.0,2.0,1.0,1.0,1.0
trumbeak,355,7,https://img.pokemondb.net/sprites/scarlet-violet/icon/trumbeak.png,normal,flying,0,0,0,0,1.0,1.0,1.0,1.0,0.0,2.0,0.5,0.0,1.0,1.0,1.0,0.5,2.0,1.0,2.0,1.0,1.0,1.0
toucannon,485,7,https://img.pokemondb.net/sprites/scarlet-violet/icon/toucannon.png,normal,flying,0,0,0,0,1.0,1.0,1.0,1.0,0.0,2.0,0.5,0.0,1.0,1.0,1.0,0.5,2.0,1.0,2.0,1.0,1.0,1.0
yungoos,253,7,https://img.pokemondb.net/sprites/scarlet-violet/icon/yungoos.png,normal,,0,0,0,0,1.0,2.0,1.0,1.0,1.0,1.0,1.0,0.0,1.0,1.0,1.0,1.0,1.0,1.0,1.0,1.0,1.0,1.0
gumshoos,418,7,https://img.pokemondb.net/sprites/scarlet-violet/icon/gumshoos.png,normal,,0,0,0,0,1.0,2.0,1.0,1.0,1.0,1.0,1.0,0.0,1.0,1.0,1.0,1.0,1.0,1.0,1.0,1.0,1.0,1.0
rattata,253,1,https://img.pokemondb.net/sprites/scarlet-violet/icon/rattata.png,dark,normal,0,0,0,0,1.0,4.0,1.0,1.0,1.0,1.0,2.0,0.0,1.0,1.0,1.0,1.0,1.0,0.0,1.0,1.0,0.5,2.0
raticate,413,1,https://img.pokemondb.net/sprites/scarlet-violet/icon/raticate.png,dark,normal,0,0,0,0,1.0,4.0,1.0,1.0,1.0,1.0,2.0,0.0,1.0,1.0,1.0,1.0,1.0,0.0,1.0,1.0,0.5,2.0
caterpie,195,1,https://img.pokemondb.net/sprites/scarlet-violet/icon/caterpie.png,bug,,0,0,0,0,1.0,0.5,2.0,1.0,0.5,2.0,1.0,1.0,1.0,2.0,1.0,0.5,1.0,1.0,1.0,1.0,1.0,1.0
metapod,205,1,https://img.pokemondb.net/sprites/scarlet-violet/icon/metapod.png,bug,,0,0,0,0,1.0,0.5,2.0,1.0,0.5,2.0,1.0,1.0,1.0,2.0,1.0,0.5,1.0,1.0,1.0,1.0,1.0,1.0
butterfree,395,1,https://img.pokemondb.net/sprites/scarlet-violet/icon/butterfree.png,bug,flying,0,0,0,0,1.0,0.25,2.0,1.0,0.0,4.0,0.5,1.0,1.0,2.0,1.0,0.25,2.0,1.0,2.0,1.0,1.0,1.0
ledyba,265,2,https://img.pokemondb.net/sprites/scarlet-violet/icon/ledyba.png,bug,flying,0,0,0,0,1.0,0.25,2.0,1.0,0.0,4.0,0.5,1.0,1.0,2.0,1.0,0.25,2.0,1.0,2.0,1.0,1.0,1.0
ledian,390,2,https://img.pokemondb.net/sprites/scarlet-violet/icon/ledian.png,bug,flying,0,0,0,0,1.0,0.25,2.0,1.0,0.0,4.0,0.5,1.0,1.0,2.0,1.0,0.25,2.0,1.0,2.0,1.0,1.0,1.0
spinarak,250,2,https://img.pokemondb.net/sprites/scarlet-violet/icon/spinarak.png,bug,poison,0,0,0,0,1.0,0.25,2.0,0.5,1.0,2.0,0.5,1.0,1.0,2.0,1.0,0.25,1.0,2.0,1.0,1.0,1.0,0.5
ariados,400,2,https://img.pokemondb.net/sprites/scarlet-violet/icon/ariados.png,bug,poison,0,0,0,0,1.0,0.25,2.0,0.5,1.0,2.0,0.5,1.0,1.0,2.0,1.0,0.25,1.0,2.0,1.0,1.0,1.0,0.5
pichu,205,2,https://img.pokemondb.net/sprites/scarlet-violet/icon/pichu.png,electric,,0,0,0,0,1.0,1.0,0.5,1.0,2.0,1.0,1.0,1.0,0.5,1.0,1.0,1.0,0.5,1.0,1.0,1.0,1.0,1.0
pikachu,320,1,https://img.pokemondb.net/sprites/scarlet-violet/icon/pikachu.png,electric,,0,0,0,0,1.0,1.0,0.5,1.0,2.0,1.0,1.0,1.0,0.5,1.0,1.0,1.0,0.5,1.0,1.0,1.0,1.0,1.0
raichu,485,1,https://img.pokemondb.net/sprites/scarlet-violet/icon/raichu.png,electric,psychic,0,0,0,0,1.0,0.5,0.5,1.0,2.0,1.0,2.0,2.0,0.5,1.0,1.0,1.0,0.5,0.5,1.0,1.0,2.0,1.0
grubbin,300,7,https://img.pokemondb.net/sprites/scarlet-violet/icon/grubbin.png,bug,,0,0,0,0,1.0,0.5,2.0,1.0,0.5,2.0,1.0,1.0,1.0,2.0,1.0,0.5,1.0,1.0,1.0,1.0,1.0,1.0
charjabug,400,7,https://img.pokemondb.net/sprites/scarlet-violet/icon/charjabug.png,bug,electric,0,0,0,0,1.0,0.5,1.0,1.0,1.0,2.0,1.0,1.0,0.5,2.0,1.0,0.5,0.5,1.0,1.0,1.0,1.0,1.0
vikavolt,500,7,https://img.pokemondb.net/sprites/scarlet-violet/icon/vikavolt.png,bug,electric,0,0,0,0,1.0,0.5,1.0,1.0,1.0,2.0,1.0,1.0,0.5,2.0,1.0,0.5,0.5,1.0,1.0,1.0,1.0,1.0
bonsly,290,4,https://img.pokemondb.net/sprites/scarlet-violet/icon/bonsly.png,rock,,0,0,0,0,0.5,2.0,0.5,0.5,2.0,1.0,1.0,1.0,2.0,0.5,2.0,2.0,1.0,1.0,1.0,1.0,1.0,1.0
sudowoodo,410,2,https://img.pokemondb.net/sprites/scarlet-violet/icon/sudowoodo.png,rock,,0,0,0,0,0.5,2.0,0.5,0.5,2.0,1.0,1.0,1.0,2.0,0.5,2.0,2.0,1.0,1.0,1.0,1.0,1.0,1.0
happiny,220,4,https://img.pokemondb.net/sprites/scarlet-violet/icon/happiny.png,normal,,0,0,0,0,1.0,2.0,1.0,1.0,1.0,1.0,1.0,0.0,1.0,1.0,1.0,1.0,1.0,1.0,1.0,1.0,1.0,1.0
chansey,450,1,https://img.pokemondb.net/sprites/scarlet-violet/icon/chansey.png,normal,,0,0,0,0,1.0,2.0,1.0,1.0,1.0,1.0,1.0,0.0,1.0,1.0,1.0,1.0,1.0,1.0,1.0,1.0,1.0,1.0
blissey,540,2,https://img.pokemondb.net/sprites/scarlet-violet/icon/blissey.png,normal,,0,0,0,0,1.0,2.0,1.0,1.0,1.0,1.0,1.0,0.0,1.0,1.0,1.0,1.0,1.0,1.0,1.0,1.0,1.0,1.0
munchlax,390,4,https://img.pokemondb.net/sprites/scarlet-violet/icon/munchlax.png,normal,,0,0,0,0,1.0,2.0,1.0,1.0,1.0,1.0,1.0,0.0,1.0,1.0,1.0,1.0,1.0,1.0,1.0,1.0,1.0,1.0
snorlax,540,1,https://img.pokemondb.net/sprites/scarlet-violet/icon/snorlax.png,normal,,0,0,0,0,1.0,2.0,1.0,1.0,1.0,1.0,1.0,0.0,1.0,1.0,1.0,1.0,1.0,1.0,1.0,1.0,1.0,1.0
slowpoke,315,1,https://img.pokemondb.net/sprites/scarlet-violet/icon/slowpoke.png,water,psychic,0,0,0,0,1.0,0.5,1.0,1.0,1.0,1.0,2.0,2.0,0.5,0.5,0.5,2.0,2.0,0.5,0.5,1.0,2.0,1.0
slowbro,490,1,https://img.pokemondb.net/sprites/scarlet-violet/icon/slowbro.png,water,psychic,0,0,0,0,1.0,0.5,1.0,1.0,1.0,1.0,2.0,2.0,0.5,0.5,0.5,2.0,2.0,0.5,0.5,1.0,2.0,1.0
slowking,490,2,https://img.pokemondb.net/sprites/scarlet-violet/icon/slowking.png,water,psychic,0,0,0,0,1.0,0.5,1.0,1.0,1.0,1.0,2.0,2.0,0.5,0.5,0.5,2.0,2.0,0.5,0.5,1.0,2.0,1.0
wingull,270,3,https://img.pokemondb.net/sprites/scarlet-violet/icon/wingull.png,water,flying,0,0,0,0,1.0,0.5,1.0,1.0,0.0,2.0,0.5,1.0,0.5,0.5,0.5,1.0,4.0,1.0,1.0,1.0,1.0,1.0
pelipper,440,3,https://img.pokemondb.net/sprites/scarlet-violet/icon/pelipper.png,water,flying,0,0,0,0,1.0,0.5,1.0,1.0,0.0,2.0,0.5,1.0,0.5,0.5,0.5,1.0,4.0,1.0,1.0,1.0,1.0,1.0
abra,310,1,https://img.pokemondb.net/sprites/scarlet-violet/icon/abra.png,psychic,,0,0,0,0,1.0,0.5,1.0,1.0,1.0,1.0,2.0,2.0,1.0,1.0,1.0,1.0,1.0,0.5,1.0,1.0,2.0,1.0
kadabra,400,1,https://img.pokemondb.net/sprites/scarlet-violet/icon/kadabra.png,psychic,,0,0,0,0,1.0,0.5,1.0,1.0,1.0,1.0,2.0,2.0,1.0,1.0,1.0,1.0,1.0,0.5,1.0,1.0,2.0,1.0
alakazam,500,1,https://img.pokemondb.net/sprites/scarlet-violet/icon/alakazam.png,psychic,,0,0,0,0,1.0,0.5,1.0,1.0,1.0,1.0,2.0,2.0,1.0,1.0,1.0,1.0,1.0,0.5,1.0,1.0,2.0,1.0
meowth,290,1,https://img.pokemondb.net/sprites/scarlet-violet/icon/meowth.png,dark,,0,0,0,0,1.0,2.0,1.0,1.0,1.0,1.0,2.0,0.5,1.0,1.0,1.0,1.0,1.0,0.0,1.0,1.0,0.5,2.0
persian,440,1,https://img.pokemondb.net/sprites/scarlet-violet/icon/persian.png,dark,,0,0,0,0,1.0,2.0,1.0,1.0,1.0,1.0,2.0,0.5,1.0,1.0,1.0,1.0,1.0,0.0,1.0,1.0,0.5,2.0
magnemite,325,1,https://img.pokemondb.net/sprites/scarlet-violet/icon/magnemite.png,electric,steel,0,0,0,0,0.5,2.0,0.25,0.0,4.0,0.5,0.5,1.0,0.25,2.0,1.0,0.5,0.5,0.5,0.5,0.5,1.0,0.5
magneton,465,1,https://img.pokemondb.net/sprites/scarlet-violet/icon/magneton.png,electric,steel,0,0,0,0,0.5,2.0,0.25,0.0,4.0,0.5,0.5,1.0,0.25,2.0,1.0,0.5,0.5,0.5,0.5,0.5,1.0,0.5
magnezone,535,4,https://img.pokemondb.net/sprites/scarlet-violet/icon/magnezone.png,electric,steel,0,0,0,0,0.5,2.0,0.25,0.0,4.0,0.5,0.5,1.0,0.25,2.0,1.0,0.5,0.5,0.5,0.5,0.5,1.0,0.5
grimer,325,1,https://img.pokemondb.net/sprites/scarlet-violet/icon/grimer.png,poison,dark,0,0,0,0,1.0,1.0,1.0,0.5,2.0,1.0,1.0,0.5,1.0,1.0,1.0,0.5,1.0,0.0,1.0,1.0,0.5,1.0
muk,500,1,https://img.pokemondb.net/sprites/scarlet-violet/icon/muk.png,poison,dark,0,0,0,0,1.0,1.0,1.0,0.5,2.0,1.0,1.0,0.5,1.0,1.0,1.0,0.5,1.0,0.0,1.0,1.0,0.5,1.0
growlithe,350,1,https://img.pokemondb.net/sprites/scarlet-violet/icon/growlithe.png,fire,,0,0,0,0,1.0,1.0,1.0,1.0,2.0,2.0,0.5,1.0,0.5,0.5,2.0,0.5,1.0,1.0,0.5,1.0,1.0,0.5
arcanine,555,1,https://img.pokemondb.net/sprites/scarlet-violet/icon/arcanine.png,fire,,0,0,0,0,1.0,1.0,1.0,1.0,2.0,2.0,0.5,1.0,0.5,0.5,2.0,0.5,1.0,1.0,0.5,1.0,1.0,0.5
drowzee,328,1,https://img.pokemondb.net/sprites/scarlet-violet/icon/drowzee.png,psychic,,0,0,0,0,1.0,0.5,1.0,1.0,1.0,1.0,2.0,2.0,1.0,1.0,1.0,1.0,1.0,0.5,1.0,1.0,2.0,1.0
hypno,483,1,https://img.pokemondb.net/sprites/scarlet-violet/icon/hypno.png,psychic,,0,0,0,0,1.0,0.5,1.0,1.0,1.0,1.0,2.0,2.0,1.0,1.0,1.0,1.0,1.0,0.5,1.0,1.0,2.0,1.0
makuhita,237,3,https://img.pokemondb.net/sprites/scarlet-violet/icon/makuhita.png,fighting,,0,0,0,0,1.0,1.0,2.0,1.0,1.0,0.5,0.5,1.0,1.0,1.0,1.0,1.0,1.0,2.0,1.0,1.0,0.5,2.0
hariyama,474,3,https://img.pokemondb.net/sprites/scarlet-violet/icon/hariyama.png,fighting,,0,0,0,0,1.0,1.0,2.0,1.0,1.0,0.5,0.5,1.0,1.0,1.0,1.0,1.0,1.0,2.0,1.0,1.0,0.5,2.0
smeargle,250,2,https://img.pokemondb.net/sprites/scarlet-violet/icon/smeargle.png,normal,,0,0,0,0,1.0,2.0,1.0,1.0,1.0,1.0,1.0,0.0,1.0,1.0,1.0,1.0,1.0,1.0,1.0,1.0,1.0,1.0
crabrawler,338,7,https://img.pokemondb.net/sprites/scarlet-violet/icon/crabrawler.png,fighting,,0,0,0,0,1.0,1.0,2.0,1.0,1.0,0.5,0.5,1.0,1.0,1.0,1.0,1.0,1.0,2.0,1.0,1.0,0.5,2.0
crabominable,478,7,https://img.pokemondb.net/sprites/scarlet-violet/icon/crabominable.png,fighting,ice,0,0,0,0,1.0,2.0,2.0,1.0,1.0,1.0,0.5,1.0,2.0,2.0,1.0,1.0,1.0,2.0,0.5,1.0,0.5,2.0
gastly,310,1,https://img.pokemondb.net/sprites/scarlet-violet/icon/gastly.png,ghost,poison,0,0,0,0,0.0,0.0,1.0,0.25,2.0,1.0,0.25,2.0,1.0,1.0,1.0,0.5,1.0,2.0,1.0,1.0,2.0,0.5
haunter,405,1,https://img.pokemondb.net/sprites/scarlet-violet/icon/haunter.png,ghost,poison,0,0,0,0,0.0,0.0,1.0,0.25,2.0,1.0,0.25,2.0,1.0,1.0,1.0,0.5,1.0,2.0,1.0,1.0,2.0,0.5
gengar,500,1,https://img.pokemondb.net/sprites/scarlet-violet/icon/gengar.png,ghost,poison,0,0,0,0,0.0,0.0,1.0,0.25,2.0,1.0,0.25,2.0,1.0,1.0,1.0,0.5,1.0,2.0,1.0,1.0,2.0,0.5
drifloon,348,4,https://img.pokemondb.net/sprites/scarlet-violet/icon/drifloon.png,ghost,flying,0,0,0,0,0.0,0.0,1.0,0.5,0.0,2.0,0.25,2.0,1.0,1.0,1.0,0.5,2.0,1.0,2.0,1.0,2.0,1.0
drifblim,498,4,https://img.pokemondb.net/sprites/scarlet-violet/icon/drifblim.png,ghost,flying,0,0,0,0,0.0,0.0,1.0,0.5,0.0,2.0,0.25,2.0,1.0,1.0,1.0,0.5,2.0,1.0,2.0,1.0,2.0,1.0
misdreavus,435,2,https://img.pokemondb.net/sprites/scarlet-violet/icon/misdreavus.png,ghost,,0,0,0,0,0.0,0.0,1.0,0.5,1.0,1.0,0.5,2.0,1.0,1.0,1.0,1.0,1.0,1.0,1.0,1.0,2.0,1.0
mismagius,495,4,https://img.pokemondb.net/sprites/scarlet-violet/icon/mismagius.png,ghost,,0,0,0,0,0.0,0.0,1.0,0.5,1.0,1.0,0.5,2.0,1.0,1.0,1.0,1.0,1.0,1.0,1.0,1.0,2.0,1.0
zubat,245,1,https://img.pokemondb.net/sprites/scarlet-violet/icon/zubat.png,poison,flying,0,0,0,0,1.0,0.25,1.0,0.5,0.0,2.0,0.25,1.0,1.0,1.0,1.0,0.25,2.0,2.0,2.0,1.0,1.0,0.5
golbat,455,1,https://img.pokemondb.net/sprites/scarlet-violet/icon/golbat.png,poison,flying,0,0,0,0,1.0,0.25,1.0,0.5,0.0,2.0,0.25,1.0,1.0,1.0,1.0,0.25,2.0,2.0,2.0,1.0,1.0,0.5
crobat,535,2,https://img.pokemondb.net/sprites/scarlet-violet/icon/crobat.png,poison,flying,0,0,0,0,1.0,0.25,1.0,0.5,0.0,2.0,0.25,1.0,1.0,1.0,1.0,0.25,2.0,2.0,2.0,1.0,1.0,0.5
diglett,265,1,https://img.pokemondb.net/sprites/scarlet-violet/icon/diglett.png,ground,steel,0,0,0,0,0.5,2.0,0.5,0.0,2.0,0.25,0.5,1.0,0.5,2.0,2.0,1.0,0.0,0.5,1.0,0.5,1.0,0.5
dugtrio,425,1,https://img.pokemondb.net/sprites/scarlet-violet/icon/dugtrio.png,ground,steel,0,0,0,0,0.5,2.0,0.5,0.0,2.0,0.25,0.5,1.0,0.5,2.0,2.0,1.0,0.0,0.5,1.0,0.5,1.0,0.5
spearow,262,1,https://img.pokemondb.net/sprites/scarlet-violet/icon/spearow.png,normal,flying,0,0,0,0,1.0,1.0,1.0,1.0,0.0,2.0,0.5,0.0,1.0,1.0,1.0,0.5,2.0,1.0,2.0,1.0,1.0,1.0
fearow,442,1,https://img.pokemondb.net/sprites/scarlet-violet/icon/fearow.png,normal,flying,0,0,0,0,1.0,1.0,1.0,1.0,0.0,2.0,0.5,0.0,1.0,1.0,1.0,0.5,2.0,1.0,2.0,1.0,1.0,1.0
rufflet,350,5,https://img.pokemondb.net/sprites/scarlet-violet/icon/rufflet.png,normal,flying,0,0,0,0,1.0,1.0,1.0,1.0,0.0,2.0,0.5,0.0,1.0,1.0,1.0,0.5,2.0,1.0,2.0,1.0,1.0,1.0
braviary,510,5,https://img.pokemondb.net/sprites/scarlet-violet/icon/braviary.png,normal,flying,0,0,0,0,1.0,1.0,1.0,1.0,0.0,2.0,0.5,0.0,1.0,1.0,1.0,0.5,2.0,1.0,2.0,1.0,1.0,1.0
vullaby,370,5,https://img.pokemondb.net/sprites/scarlet-violet/icon/vullaby.png,dark,flying,0,0,0,0,1.0,1.0,1.0,1.0,0.0,2.0,1.0,0.5,1.0,1.0,1.0,0.5,2.0,0.0,2.0,1.0,0.5,2.0
mandibuzz,510,5,https://img.pokemondb.net/sprites/scarlet-violet/icon/mandibuzz.png,dark,flying,0,0,0,0,1.0,1.0,1.0,1.0,0.0,2.0,1.0,0.5,1.0,1.0,1.0,0.5,2.0,0.0,2.0,1.0,0.5,2.0
mankey,305,1,https://img.pokemondb.net/sprites/scarlet-violet/icon/mankey.png,fighting,,0,0,0,0,1.0,1.0,2.0,1.0,1.0,0.5,0.5,1.0,1.0,1.0,1.0,1.0,1.0,2.0,1.0,1.0,0.5,2.0
primeape,455,1,https://img.pokemondb.net/sprites/scarlet-violet/icon/primeape.png,fighting,,0,0,0,0,1.0,1.0,2.0,1.0,1.0,0.5,0.5,1.0,1.0,1.0,1.0,1.0,1.0,2.0,1.0,1.0,0.5,2.0
delibird,330,2,https://img.pokemondb.net/sprites/scarlet-violet/icon/delibird.png,ice,flying,0,0,0,0,1.0,1.0,1.0,1.0,0.0,4.0,0.5,1.0,2.0,2.0,1.0,0.5,2.0,1.0,1.0,1.0,1.0,1.0
oricorio,476,7,https://img.pokemondb.net/sprites/scarlet-violet/icon/oricorio-baile.png,fire,flying,0,0,0,0,1.0,0.5,1.0,1.0,0.0,4.0,0.25,1.0,0.5,0.5,2.0,0.25,2.0,1.0,1.0,1.0,1.0,0.5
cutiefly,304,7,https://img.pokemondb.net/sprites/scarlet-violet/icon/cutiefly.png,bug,fairy,0,0,0,0,1.0,0.25,2.0,2.0,0.5,2.0,0.5,1.0,2.0,2.0,1.0,0.5,1.0,1.0,1.0,0.0,0.5,1.0
ribombee,464,7,https://img.pokemondb.net/sprites/scarlet-violet/icon/ribombee.png,bug,fairy,0,0,0,0,1.0,0.25,2.0,2.0,0.5,2.0,0.5,1.0,2.0,2.0,1.0,0.5,1.0,1.0,1.0,0.0,0.5,1.0
petilil,280,5,https://img.pokemondb.net/sprites/scarlet-violet/icon/petilil.png,grass,,0,0,0,0,1.0,1.0,2.0,2.0,0.5,1.0,2.0,1.0,1.0,2.0,0.5,0.5,0.5,1.0,2.0,1.0,1.0,1.0
lilligant,480,5,https://img.pokemondb.net/sprites/scarlet-violet/icon/lilligant.png,grass,,0,0,0,0,1.0,1.0,2.0,2.0,0.5,1.0,2.0,1.0,1.0,2.0,0.5,0.5,0.5,1.0,2.0,1.0,1.0,1.0
cottonee,280,5,https://img.pokemondb.net/sprites/scarlet-violet/icon/cottonee.png,grass,fairy,0,0,0,0,1.0,0.5,2.0,4.0,0.5,1.0,1.0,1.0,2.0,2.0,0.5,0.5,0.5,1.0,2.0,0.0,0.5,1.0
whimsicott,480,5,https://img.pokemondb.net/sprites/scarlet-violet/icon/whimsicott.png,grass,fairy,0,0,0,0,1.0,0.5,2.0,4.0,0.5,1.0,1.0,1.0,2.0,2.0,0.5,0.5,0.5,1.0,2.0,0.0,0.5,1.0
psyduck,320,1,https://img.pokemondb.net/sprites/scarlet-violet/icon/psyduck.png,water,,0,0,0,0,1.0,1.0,1.0,1.0,1.0,1.0,1.0,1.0,0.5,0.5,0.5,2.0,2.0,1.0,0.5,1.0,1.0,1.0
golduck,500,1,https://img.pokemondb.net/sprites/scarlet-violet/icon/golduck.png,water,,0,0,0,0,1.0,1.0,1.0,1.0,1.0,1.0,1.0,1.0,0.5,0.5,0.5,2.0,2.0,1.0,0.5,1.0,1.0,1.0
magikarp,200,1,https://img.pokemondb.net/sprites/scarlet-violet/icon/magikarp.png,water,,0,0,0,0,1.0,1.0,1.0,1.0,1.0,1.0,1.0,1.0,0.5,0.5,0.5,2.0,2.0,1.0,0.5,1.0,1.0,1.0
gyarados,540,1,https://img.pokemondb.net/sprites/scarlet-violet/icon/gyarados.png,water,flying,0,0,0,0,1.0,0.5,1.0,1.0,0.0,2.0,0.5,1.0,0.5,0.5,0.5,1.0,4.0,1.0,1.0,1.0,1.0,1.0
barboach,288,3,https://img.pokemondb.net/sprites/scarlet-violet/icon/barboach.png,water,ground,0,0,0,0,1.0,1.0,1.0,0.5,1.0,0.5,1.0,1.0,0.5,0.5,1.0,4.0,0.0,1.0,1.0,1.0,1.0,1.0
whiscash,468,3,https://img.pokemondb.net/sprites/scarlet-violet/icon/whiscash.png,water,ground,0,0,0,0,1.0,1.0,1.0,0.5,1.0,0.5,1.0,1.0,0.5,0.5,1.0,4.0,0.0,1.0,1.0,1.0,1.0,1.0
machop,305,1,https://img.pokemondb.net/sprites/scarlet-violet/icon/machop.png,fighting,,0,0,0,0,1.0,1.0,2.0,1.0,1.0,0.5,0.5,1.0,1.0,1.0,1.0,1.0,1.0,2.0,1.0,1.0,0.5,2.0
machoke,405,1,https://img.pokemondb.net/sprites/scarlet-violet/icon/machoke.png,fighting,,0,0,0,0,1.0,1.0,2.0,1.0,1.0,0.5,0.5,1.0,1.0,1.0,1.0,1.0,1.0,2.0,1.0,1.0,0.5,2.0
machamp,505,1,https://img.pokemondb.net/sprites/scarlet-violet/icon/machamp.png,fighting,,0,0,0,0,1.0,1.0,2.0,1.0,1.0,0.5,0.5,1.0,1.0,1.0,1.0,1.0,1.0,2.0,1.0,1.0,0.5,2.0
roggenrola,280,5,https://img.pokemondb.net/sprites/scarlet-violet/icon/roggenrola.png,rock,,0,0,0,0,0.5,2.0,0.5,0.5,2.0,1.0,1.0,1.0,2.0,0.5,2.0,2.0,1.0,1.0,1.0,1.0,1.0,1.0
boldore,390,5,https://img.pokemondb.net/sprites/scarlet-violet/icon/boldore.png,rock,,0,0,0,0,0.5,2.0,0.5,0.5,2.0,1.0,1.0,1.0,2.0,0.5,2.0,2.0,1.0,1.0,1.0,1.0,1.0,1.0
gigalith,515,5,https://img.pokemondb.net/sprites/scarlet-violet/icon/gigalith.png,rock,,0,0,0,0,0.5,2.0,0.5,0.5,2.0,1.0,1.0,1.0,2.0,0.5,2.0,2.0,1.0,1.0,1.0,1.0,1.0,1.0
carbink,500,6,https://img.pokemondb.net/sprites/scarlet-violet/icon/carbink.png,rock,fairy,0,0,0,0,0.5,1.0,0.5,1.0,2.0,1.0,0.5,1.0,4.0,0.5,2.0,2.0,1.0,1.0,1.0,0.0,0.5,1.0
sableye,380,3,https://img.pokemondb.net/sprites/scarlet-violet/icon/sableye.png,dark,ghost,0,0,0,0,0.0,0.0,1.0,0.5,1.0,1.0,1.0,1.0,1.0,1.0,1.0,1.0,1.0,0.0,1.0,1.0,1.0,2.0
rockruff,280,7,https://img.pokemondb.net/sprites/scarlet-violet/icon/rockruff.png,rock,,0,0,0,0,0.5,2.0,0.5,0.5,2.0,1.0,1.0,1.0,2.0,0.5,2.0,2.0,1.0,1.0,1.0,1.0,1.0,1.0
lycanroc,487,7,https://img.pokemondb.net/sprites/scarlet-violet/icon/lycanroc-midday.png,rock,,0,0,0,0,0.5,2.0,0.5,0.5,2.0,1.0,1.0,1.0,2.0,0.5,2.0,2.0,1.0,1.0,1.0,1.0,1.0,1.0
spinda,360,3,https://img.pokemondb.net/sprites/scarlet-violet/icon/spinda.png,normal,,0,0,0,0,1.0,2.0,1.0,1.0,1.0,1.0,1.0,0.0,1.0,1.0,1.0,1.0,1.0,1.0,1.0,1.0,1.0,1.0
tentacool,335,1,https://img.pokemondb.net/sprites/scarlet-violet/icon/tentacool.png,water,poison,0,0,0,0,1.0,0.5,1.0,0.5,2.0,1.0,0.5,1.0,0.5,0.5,0.5,1.0,2.0,2.0,0.5,1.0,1.0,0.5
tentacruel,515,1,https://img.pokemondb.net/sprites/scarlet-violet/icon/tentacruel.png,water,poison,0,0,0,0,1.0,0.5,1.0,0.5,2.0,1.0,0.5,1.0,0.5,0.5,0.5,1.0,2.0,2.0,0.5,1.0,1.0,0.5
finneon,330,4,https://img.pokemondb.net/sprites/scarlet-violet/icon/finneon.png,water,,0,0,0,0,1.0,1.0,1.0,1.0,1.0,1.0,1.0,1.0,0.5,0.5,0.5,2.0,2.0,1.0,0.5,1.0,1.0,1.0
lumineon,460,4,https://img.pokemondb.net/sprites/scarlet-violet/icon/lumineon.png,water,,0,0,0,0,1.0,1.0,1.0,1.0,1.0,1.0,1.0,1.0,0.5,0.5,0.5,2.0,2.0,1.0,0.5,1.0,1.0,1.0
wishiwashi,175,7,https://img.pokemondb.net/sprites/scarlet-violet/icon/wishiwashi-solo.png,water,,0,0,0,0,1.0,1.0,1.0,1.0,1.0,1.0,1.0,1.0,0.5,0.5,0.5,2.0,2.0,1.0,0.5,1.0,1.0,1.0
luvdisc,330,3,https://img.pokemondb.net/sprites/scarlet-violet/icon/luvdisc.png,water,,0,0,0,0,1.0,1.0,1.0,1.0,1.0,1.0,1.0,1.0,0.5,0.5,0.5,2.0,2.0,1.0,0.5,1.0,1.0,1.0
corsola,410,2,https://img.pokemondb.net/sprites/scarlet-violet/icon/corsola.png,water,rock,0,0,0,0,0.5,2.0,0.5,0.5,2.0,1.0,1.0,1.0,1.0,0.25,1.0,4.0,2.0,1.0,0.5,1.0,1.0,1.0
mareanie,305,7,https://img.pokemondb.net/sprites/scarlet-violet/icon/mareanie.png,poison,water,0,0,0,0,1.0,0.5,1.0,0.5,2.0,1.0,0.5,1.0,0.5,0.5,0.5,1.0,2.0,2.0,0.5,1.0,1.0,0.5
toxapex,495,7,https://img.pokemondb.net/sprites/scarlet-violet/icon/toxapex.png,poison,water,0,0,0,0,1.0,0.5,1.0,0.5,2.0,1.0,0.5,1.0,0.5,0.5,0.5,1.0,2.0,2.0,0.5,1.0,1.0,0.5
shellder,305,1,https://img.pokemondb.net/sprites/scarlet-violet/icon/shellder.png,water,,0,0,0,0,1.0,1.0,1.0,1.0,1.0,1.0,1.0,1.0,0.5,0.5,0.5,2.0,2.0,1.0,0.5,1.0,1.0,1.0
cloyster,525,1,https://img.pokemondb.net/sprites/scarlet-violet/icon/cloyster.png,water,ice,0,0,0,0,1.0,2.0,1.0,1.0,1.0,2.0,1.0,1.0,1.0,1.0,0.5,2.0,2.0,1.0,0.25,1.0,1.0,1.0
bagon,300,3,https://img.pokemondb.net/sprites/scarlet-violet/icon/bagon.png,dragon,,0,0,0,0,1.0,1.0,1.0,1.0,1.0,1.0,1.0,1.0,1.0,0.5,0.5,0.5,0.5,1.0,2.0,2.0,1.0,2.0
shelgon,420,3,https://img.pokemondb.net/sprites/scarlet-violet/icon/shelgon.png,dragon,,0,0,0,0,1.0,1.0,1.0,1.0,1.0,1.0,1.0,1.0,1.0,0.5,0.5,0.5,0.5,1.0,2.0,2.0,1.0,2.0
salamence,600,3,https://img.pokemondb.net/sprites/scarlet-violet/icon/salamence.png,dragon,flying,0,0,1,0,1.0,0.5,1.0,1.0,0.0,2.0,0.5,1.0,1.0,0.5,0.5,0.25,1.0,1.0,4.0,2.0,1.0,2.0
lillipup,275,5,https://img.pokemondb.net/sprites/scarlet-violet/icon/lillipup.png,normal,,0,0,0,0,1.0,2.0,1.0,1.0,1.0,1.0,1.0,0.0,1.0,1.0,1.0,1.0,1.0,1.0,1.0,1.0,1.0,1.0
herdier,370,5,https://img.pokemondb.net/sprites/scarlet-violet/icon/herdier.png,normal,,0,0,0,0,1.0,2.0,1.0,1.0,1.0,1.0,1.0,0.0,1.0,1.0,1.0,1.0,1.0,1.0,1.0,1.0,1.0,1.0
stoutland,500,5,https://img.pokemondb.net/sprites/scarlet-violet/icon/stoutland.png,normal,,0,0,0,0,1.0,2.0,1.0,1.0,1.0,1.0,1.0,0.0,1.0,1.0,1.0,1.0,1.0,1.0,1.0,1.0,1.0,1.0
eevee,325,1,https://img.pokemondb.net/sprites/scarlet-violet/icon/eevee.png,normal,,0,0,0,0,1.0,2.0,1.0,1.0,1.0,1.0,1.0,0.0,1.0,1.0,1.0,1.0,1.0,1.0,1.0,1.0,1.0,1.0
vaporeon,525,1,https://img.pokemondb.net/sprites/scarlet-violet/icon/vaporeon.png,water,,0,0,0,0,1.0,1.0,1.0,1.0,1.0,1.0,1.0,1.0,0.5,0.5,0.5,2.0,2.0,1.0,0.5,1.0,1.0,1.0
jolteon,525,1,https://img.pokemondb.net/sprites/scarlet-violet/icon/jolteon.png,electric,,0,0,0,0,1.0,1.0,0.5,1.0,2.0,1.0,1.0,1.0,0.5,1.0,1.0,1.0,0.5,1.0,1.0,1.0,1.0,1.0
flareon,525,1,https://img.pokemondb.net/sprites/scarlet-violet/icon/flareon.png,fire,,0,0,0,0,1.0,1.0,1.0,1.0,2.0,2.0,0.5,1.0,0.5,0.5,2.0,0.5,1.0,1.0,0.5,1.0,1.0,0.5
espeon,525,2,https://img.pokemondb.net/sprites/scarlet-violet/icon/espeon.png,psychic,,0,0,0,0,1.0,0.5,1.0,1.0,1.0,1.0,2.0,2.0,1.0,1.0,1.0,1.0,1.0,0.5,1.0,1.0,2.0,1.0
umbreon,525,2,https://img.pokemondb.net/sprites/scarlet-violet/icon/umbreon.png,dark,,0,0,0,0,1.0,2.0,1.0,1.0,1.0,1.0,2.0,0.5,1.0,1.0,1.0,1.0,1.0,0.0,1.0,1.0,0.5,2.0
leafeon,525,4,https://img.pokemondb.net/sprites/scarlet-violet/icon/leafeon.png,grass,,0,0,0,0,1.0,1.0,2.0,2.0,0.5,1.0,2.0,1.0,1.0,2.0,0.5,0.5,0.5,1.0,2.0,1.0,1.0,1.0
glaceon,525,4,https://img.pokemondb.net/sprites/scarlet-violet/icon/glaceon.png,ice,,0,0,0,0,1.0,2.0,1.0,1.0,1.0,2.0,1.0,1.0,2.0,2.0,1.0,1.0,1.0,1.0,0.5,1.0,1.0,1.0
sylveon,525,6,https://img.pokemondb.net/sprites/scarlet-violet/icon/sylveon.png,fairy,,0,0,0,0,1.0,0.5,1.0,2.0,1.0,1.0,0.5,1.0,2.0,1.0,1.0,1.0,1.0,1.0,1.0,0.0,0.5,1.0
mudbray,385,7,https://img.pokemondb.net/sprites/scarlet-violet/icon/mudbray.png,ground,,0,0,0,0,1.0,1.0,1.0,0.5,1.0,0.5,1.0,1.0,1.0,1.0,2.0,2.0,0.0,1.0,2.0,1.0,1.0,1.0
mudsdale,500,7,https://img.pokemondb.net/sprites/scarlet-violet/icon/mudsdale.png,ground,,0,0,0,0,1.0,1.0,1.0,0.5,1.0,0.5,1.0,1.0,1.0,1.0,2.0,2.0,0.0,1.0,2.0,1.0,1.0,1.0
igglybuff,210,2,https://img.pokemondb.net/sprites/scarlet-violet/icon/igglybuff.png,normal,fairy,0,0,0,0,1.0,1.0,1.0,2.0,1.0,1.0,0.5,0.0,2.0,1.0,1.0,1.0,1.0,1.0,1.0,0.0,0.5,1.0
jigglypuff,270,1,https://img.pokemondb.net/sprites/scarlet-violet/icon/jigglypuff.png,normal,fairy,0,0,0,0,1.0,1.0,1.0,2.0,1.0,1.0,0.5,0.0,2.0,1.0,1.0,1.0,1.0,1.0,1.0,0.0,0.5,1.0
wigglytuff,435,1,https://img.pokemondb.net/sprites/scarlet-violet/icon/wigglytuff.png,normal,fairy,0,0,0,0,1.0,1.0,1.0,2.0,1.0,1.0,0.5,0.0,2.0,1.0,1.0,1.0,1.0,1.0,1.0,0.0,0.5,1.0
tauros,490,1,https://img.pokemondb.net/sprites/scarlet-violet/icon/tauros.png,normal,,0,0,0,0,1.0,2.0,1.0,1.0,1.0,1.0,1.0,0.0,1.0,1.0,1.0,1.0,1.0,1.0,1.0,1.0,1.0,1.0
miltank,490,2,https://img.pokemondb.net/sprites/scarlet-violet/icon/miltank.png,normal,,0,0,0,0,1.0,2.0,1.0,1.0,1.0,1.0,1.0,0.0,1.0,1.0,1.0,1.0,1.0,1.0,1.0,1.0,1.0,1.0
surskit,269,3,https://img.pokemondb.net/sprites/scarlet-violet/icon/surskit.png,bug,water,0,0,0,0,1.0,0.5,2.0,1.0,0.5,2.0,1.0,1.0,0.5,1.0,0.5,1.0,2.0,1.0,0.5,1.0,1.0,1.0
masquerain,454,3,https://img.pokemondb.net/sprites/scarlet-violet/icon/masquerain.png,bug,flying,0,0,0,0,1.0,0.25,2.0,1.0,0.0,4.0,0.5,1.0,1.0,2.0,1.0,0.25,2.0,1.0,2.0,1.0,1.0,1.0
dewpider,269,7,https://img.pokemondb.net/sprites/scarlet-violet/icon/dewpider.png,water,bug,0,0,0,0,1.0,0.5,2.0,1.0,0.5,2.0,1.0,1.0,0.5,1.0,0.5,1.0,2.0,1.0,0.5,1.0,1.0,1.0
araquanid,454,7,https://img.pokemondb.net/sprites/scarlet-violet/icon/araquanid.png,water,bug,0,0,0,0,1.0,0.5,2.0,1.0,0.5,2.0,1.0,1.0,0.5,1.0,0.5,1.0,2.0,1.0,0.5,1.0,1.0,1.0
fomantis,250,7,https://img.pokemondb.net/sprites/scarlet-violet/icon/fomantis.png,grass,,0,0,0,0,1.0,1.0,2.0,2.0,0.5,1.0,2.0,1.0,1.0,2.0,0.5,0.5,0.5,1.0,2.0,1.0,1.0,1.0
lurantis,480,7,https://img.pokemondb.net/sprites/scarlet-violet/icon/lurantis.png,grass,,0,0,0,0,1.0,1.0,2.0,2.0,0.5,1.0,2.0,1.0,1.0,2.0,0.5,0.5,0.5,1.0,2.0,1.0,1.0,1.0
morelull,285,7,https://img.pokemondb.net/sprites/scarlet-violet/icon/morelull.png,grass,fairy,0,0,0,0,1.0,0.5,2.0,4.0,0.5,1.0,1.0,1.0,2.0,2.0,0.5,0.5,0.5,1.0,2.0,0.0,0.5,1.0
shiinotic,405,7,https://img.pokemondb.net/sprites/scarlet-violet/icon/shiinotic.png,grass,fairy,0,0,0,0,1.0,0.5,2.0,4.0,0.5,1.0,1.0,1.0,2.0,2.0,0.5,0.5,0.5,1.0,2.0,0.0,0.5,1.0
paras,285,1,https://img.pokemondb.net/sprites/scarlet-violet/icon/paras.png,bug,grass,0,0,0,0,1.0,0.5,4.0,2.0,0.25,2.0,2.0,1.0,1.0,4.0,0.5,0.25,0.5,1.0,2.0,1.0,1.0,1.0
parasect,405,1,https://img.pokemondb.net/sprites/scarlet-violet/icon/parasect.png,bug,grass,0,0,0,0,1.0,0.5,4.0,2.0,0.25,2.0,2.0,1.0,1.0,4.0,0.5,0.25,0.5,1.0,2.0,1.0,1.0,1.0
poliwag,300,1,https://img.pokemondb.net/sprites/scarlet-violet/icon/poliwag.png,water,,0,0,0,0,1.0,1.0,1.0,1.0,1.0,1.0,1.0,1.0,0.5,0.5,0.5,2.0,2.0,1.0,0.5,1.0,1.0,1.0
poliwhirl,385,1,https://img.pokemondb.net/sprites/scarlet-violet/icon/poliwhirl.png,water,,0,0,0,0,1.0,1.0,1.0,1.0,1.0,1.0,1.0,1.0,0.5,0.5,0.5,2.0,2.0,1.0,0.5,1.0,1.0,1.0
poliwrath,510,1,https://img.pokemondb.net/sprites/scarlet-violet/icon/poliwrath.png,water,fighting,0,0,0,0,1.0,1.0,2.0,1.0,1.0,0.5,0.5,1.0,0.5,0.5,0.5,2.0,2.0,2.0,0.5,1.0,0.5,2.0
politoed,500,2,https://img.pokemondb.net/sprites/scarlet-violet/icon/politoed.png,water,,0,0,0,0,1.0,1.0,1.0,1.0,1.0,1.0,1.0,1.0,0.5,0.5,0.5,2.0,2.0,1.0,0.5,1.0,1.0,1.0
goldeen,320,1,https://img.pokemondb.net/sprites/scarlet-violet/icon/goldeen.png,water,,0,0,0,0,1.0,1.0,1.0,1.0,1.0,1.0,1.0,1.0,0.5,0.5,0.5,2.0,2.0,1.0,0.5,1.0,1.0,1.0
seaking,450,1,https://img.pokemondb.net/sprites/scarlet-violet/icon/seaking.png,water,,0,0,0,0,1.0,1.0,1.0,1.0,1.0,1.0,1.0,1.0,0.5,0.5,0.5,2.0,2.0,1.0,0.5,1.0,1.0,1.0
feebas,200,3,https://img.pokemondb.net/sprites/scarlet-violet/icon/feebas.png,water,,0,0,0,0,1.0,1.0,1.0,1.0,1.0,1.0,1.0,1.0,0.5,0.5,0.5,2.0,2.0,1.0,0.5,1.0,1.0,1.0
milotic,540,3,https://img.pokemondb.net/sprites/scarlet-violet/icon/milotic.png,water,,0,0,0,0,1.0,1.0,1.0,1.0,1.0,1.0,1.0,1.0,0.5,0.5,0.5,2.0,2.0,1.0,0.5,1.0,1.0,1.0
alomomola,470,5,https://img.pokemondb.net/sprites/scarlet-violet/icon/alomomola.png,water,,0,0,0,0,1.0,1.0,1.0,1.0,1.0,1.0,1.0,1.0,0.5,0.5,0.5,2.0,2.0,1.0,0.5,1.0,1.0,1.0
fletchling,278,6,https://img.pokemondb.net/sprites/scarlet-violet/icon/fletchling.png,normal,flying,0,0,0,0,1.0,1.0,1.0,1.0,0.0,2.0,0.5,0.0,1.0,1.0,1.0,0.5,2.0,1.0,2.0,1.0,1.0,1.0
fletchinder,382,6,https://img.pokemondb.net/sprites/scarlet-violet/icon/fletchinder.png,fire,flying,0,0,0,0,1.0,0.5,1.0,1.0,0.0,4.0,0.25,1.0,0.5,0.5,2.0,0.25,2.0,1.0,1.0,1.0,1.0,0.5
talonflame,499,6,https://img.pokemondb.net/sprites/scarlet-violet/icon/talonflame.png,fire,flying,0,0,0,0,1.0,0.5,1.0,1.0,0.0,4.0,0.25,1.0,0.5,0.5,2.0,0.25,2.0,1.0,1.0,1.0,1.0,0.5
salandit,320,7,https://img.pokemondb.net/sprites/scarlet-violet/icon/salandit.png,poison,fire,0,0,0,0,1.0,0.5,1.0,0.5,4.0,2.0,0.25,1.0,0.5,0.5,2.0,0.25,1.0,2.0,0.5,1.0,1.0,0.25
salazzle,480,7,https://img.pokemondb.net/sprites/scarlet-violet/icon/salazzle.png,poison,fire,0,0,0,0,1.0,0.5,1.0,0.5,4.0,2.0,0.25,1.0,0.5,0.5,2.0,0.25,1.0,2.0,0.5,1.0,1.0,0.25
cubone,320,1,https://img.pokemondb.net/sprites/scarlet-violet/icon/cubone.png,ground,,0,0,0,0,1.0,1.0,1.0,0.5,1.0,0.5,1.0,1.0,1.0,1.0,2.0,2.0,0.0,1.0,2.0,1.0,1.0,1.0
marowak,425,1,https://img.pokemondb.net/sprites/scarlet-violet/icon/marowak.png,fire,ghost,0,0,0,0,0.0,0.0,1.0,0.5,2.0,2.0,0.25,2.0,0.5,0.5,2.0,0.5,1.0,1.0,0.5,1.0,2.0,0.5
kangaskhan,490,1,https://img.pokemondb.net/sprites/scarlet-violet/icon/kangaskhan.png,normal,,0,0,0,0,1.0,2.0,1.0,1.0,1.0,1.0,1.0,0.0,1.0,1.0,1.0,1.0,1.0,1.0,1.0,1.0,1.0,1.0
magby,365,2,https://img.pokemondb.net/sprites/scarlet-violet/icon/magby.png,fire,,0,0,0,0,1.0,1.0,1.0,1.0,2.0,2.0,0.5,1.0,0.5,0.5,2.0,0.5,1.0,1.0,0.5,1.0,1.0,0.5
magmar,495,1,https://img.pokemondb.net/sprites/scarlet-violet/icon/magmar.png,fire,,0,0,0,0,1.0,1.0,1.0,1.0,2.0,2.0,0.5,1.0,0.5,0.5,2.0,0.5,1.0,1.0,0.5,1.0,1.0,0.5
magmortar,540,4,https://img.pokemondb.net/sprites/scarlet-violet/icon/magmortar.png,fire,,0,0,0,0,1.0,1.0,1.0,1.0,2.0,2.0,0.5,1.0,0.5,0.5,2.0,0.5,1.0,1.0,0.5,1.0,1.0,0.5
stufful,340,7,https://img.pokemondb.net/sprites/scarlet-violet/icon/stufful.png,normal,fighting,0,0,0,0,1.0,2.0,2.0,1.0,1.0,0.5,0.5,0.0,1.0,1.0,1.0,1.0,1.0,2.0,1.0,1.0,0.5,2.0
bewear,500,7,https://img.pokemondb.net/sprites/scarlet-violet/icon/bewear.png,normal,fighting,0,0,0,0,1.0,2.0,2.0,1.0,1.0,0.5,0.5,0.0,1.0,1.0,1.0,1.0,1.0,2.0,1.0,1.0,0.5,2.0
bounsweet,210,7,https://img.pokemondb.net/sprites/scarlet-violet/icon/bounsweet.png,grass,,0,0,0,0,1.0,1.0,2.0,2.0,0.5,1.0,2.0,1.0,1.0,2.0,0.5,0.5,0.5,1.0,2.0,1.0,1.0,1.0
steenee,290,7,https://img.pokemondb.net/sprites/scarlet-violet/icon/steenee.png,grass,,0,0,0,0,1.0,1.0,2.0,2.0,0.5,1.0,2.0,1.0,1.0,2.0,0.5,0.5,0.5,1.0,2.0,1.0,1.0,1.0
tsareena,510,7,https://img.pokemondb.net/sprites/scarlet-violet/icon/tsareena.png,grass,,0,0,0,0,1.0,1.0,2.0,2.0,0.5,1.0,2.0,1.0,1.0,2.0,0.5,0.5,0.5,1.0,2.0,1.0,1.0,1.0
comfey,485,7,https://img.pokemondb.net/sprites/scarlet-violet/icon/comfey.png,fairy,,0,0,0,0,1.0,0.5,1.0,2.0,1.0,1.0,0.5,1.0,2.0,1.0,1.0,1.0,1.0,1.0,1.0,0.0,0.5,1.0
pinsir,500,1,https://img.pokemondb.net/sprites/scarlet-violet/icon/pinsir.png,bug,,0,0,0,0,1.0,0.5,2.0,1.0,0.5,2.0,1.0,1.0,1.0,2.0,1.0,0.5,1.0,1.0,1.0,1.0,1.0,1.0
oranguru,490,7,https://img.pokemondb.net/sprites/scarlet-violet/icon/oranguru.png,normal,psychic,0,0,0,0,1.0,1.0,1.0,1.0,1.0,1.0,2.0,0.0,1.0,1.0,1.0,1.0,1.0,0.5,1.0,1.0,2.0,1.0
passimian,490,7,https://img.pokemondb.net/sprites/scarlet-violet/icon/passimian.png,fighting,,0,0,0,0,1.0,1.0,2.0,1.0,1.0,0.5,0.5,1.0,1.0,1.0,1.0,1.0,1.0,2.0,1.0,1.0,0.5,2.0
goomy,300,6,https://img.pokemondb.net/sprites/scarlet-violet/icon/goomy.png,dragon,,0,0,0,0,1.0,1.0,1.0,1.0,1.0,1.0,1.0,1.0,1.0,0.5,0.5,0.5,0.5,1.0,2.0,2.0,1.0,2.0
sliggoo,452,6,https://img.pokemondb.net/sprites/scarlet-violet/icon/sliggoo.png,dragon,,0,0,0,0,1.0,1.0,1.0,1.0,1.0,1.0,1.0,1.0,1.0,0.5,0.5,0.5,0.5,1.0,2.0,2.0,1.0,2.0
goodra,600,6,https://img.pokemondb.net/sprites/scarlet-violet/icon/goodra.png,dragon,,0,0,1,0,1.0,1.0,1.0,1.0,1.0,1.0,1.0,1.0,1.0,0.5,0.5,0.5,0.5,1.0,2.0,2.0,1.0,2.0
castform,420,3,https://img.pokemondb.net/sprites/scarlet-violet/icon/castform.png,normal,,0,0,0,0,1.0,2.0,1.0,1.0,1.0,1.0,1.0,0.0,1.0,1.0,1.0,1.0,1.0,1.0,1.0,1.0,1.0,1.0
wimpod,230,7,https://img.pokemondb.net/sprites/scarlet-violet/icon/wimpod.png,bug,water,0,0,0,0,1.0,0.5,2.0,1.0,0.5,2.0,1.0,1.0,0.5,1.0,0.5,1.0,2.0,1.0,0.5,1.0,1.0,1.0
golisopod,530,7,https://img.pokemondb.net/sprites/scarlet-violet/icon/golisopod.png,bug,water,0,0,0,0,1.0,0.5,2.0,1.0,0.5,2.0,1.0,1.0,0.5,1.0,0.5,1.0,2.0,1.0,0.5,1.0,1.0,1.0
staryu,340,1,https://img.pokemondb.net/sprites/scarlet-violet/icon/staryu.png,water,,0,0,0,0,1.0,1.0,1.0,1.0,1.0,1.0,1.0,1.0,0.5,0.5,0.5,2.0,2.0,1.0,0.5,1.0,1.0,1.0
starmie,520,1,https://img.pokemondb.net/sprites/scarlet-violet/icon/starmie.png,water,psychic,0,0,0,0,1.0,0.5,1.0,1.0,1.0,1.0,2.0,2.0,0.5,0.5,0.5,2.0,2.0,0.5,0.5,1.0,2.0,1.0
sandygast,320,7,https://img.pokemondb.net/sprites/scarlet-violet/icon/sandygast.png,ghost,ground,0,0,0,0,0.0,0.0,1.0,0.25,1.0,0.5,0.5,2.0,1.0,1.0,2.0,2.0,0.0,1.0,2.0,1.0,2.0,1.0
palossand,480,7,https://img.pokemondb.net/sprites/scarlet-violet/icon/palossand.png,ghost,ground,0,0,0,0,0.0,0.0,1.0,0.25,1.0,0.5,0.5,2.0,1.0,1.0,2.0,2.0,0.0,1.0,2.0,1.0,2.0,1.0
cranidos,350,4,https://img.pokemondb.net/sprites/scarlet-violet/icon/cranidos.png,rock,,0,0,0,1,0.5,2.0,0.5,0.5,2.0,1.0,1.0,1.0,2.0,0.5,2.0,2.0,1.0,1.0,1.0,1.0,1.0,1.0
rampardos,495,4,https://img.pokemondb.net/sprites/scarlet-violet/icon/rampardos.png,rock,,0,0,0,1,0.5,2.0,0.5,0.5,2.0,1.0,1.0,1.0,2.0,0.5,2.0,2.0,1.0,1.0,1.0,1.0,1.0,1.0
shieldon,350,4,https://img.pokemondb.net/sprites/scarlet-violet/icon/shieldon.png,rock,steel,0,0,0,1,0.25,4.0,0.25,0.0,4.0,0.5,0.5,1.0,1.0,1.0,2.0,1.0,1.0,0.5,0.5,0.5,1.0,0.5
bastiodon,495,4,https://img.pokemondb.net/sprites/scarlet-violet/icon/bastiodon.png,rock,steel,0,0,0,1,0.25,4.0,0.25,0.0,4.0,0.5,0.5,1.0,1.0,1.0,2.0,1.0,1.0,0.5,0.5,0.5,1.0,0.5
archen,401,5,https://img.pokemondb.net/sprites/scarlet-violet/icon/archen.png,rock,flying,0,0,0,1,0.5,1.0,0.5,0.5,0.0,2.0,0.5,1.0,2.0,0.5,2.0,1.0,2.0,1.0,2.0,1.0,1.0,1.0
archeops,567,5,https://img.pokemondb.net/sprites/scarlet-violet/icon/archeops.png,rock,flying,0,0,0,1,0.5,1.0,0.5,0.5,0.0,2.0,0.5,1.0,2.0,0.5,2.0,1.0,2.0,1.0,2.0,1.0,1.0,1.0
tirtouga,355,5,https://img.pokemondb.net/sprites/scarlet-violet/icon/tirtouga.png,water,rock,0,0,0,1,0.5,2.0,0.5,0.5,2.0,1.0,1.0,1.0,1.0,0.25,1.0,4.0,2.0,1.0,0.5,1.0,1.0,1.0
carracosta,495,5,https://img.pokemondb.net/sprites/scarlet-violet/icon/carracosta.png,water,rock,0,0,0,1,0.5,2.0,0.5,0.5,2.0,1.0,1.0,1.0,1.0,0.25,1.0,4.0,2.0,1.0,0.5,1.0,1.0,1.0
phantump,309,6,https://img.pokemondb.net/sprites/scarlet-violet/icon/phantump.png,ghost,grass,0,0,0,0,0.0,0.0,2.0,1.0,0.5,1.0,1.0,2.0,1.0,2.0,0.5,0.5,0.5,1.0,2.0,1.0,2.0,1.0
trevenant,474,6,https://img.pokemondb.net/sprites/scarlet-violet/icon/trevenant.png,ghost,grass,0,0,0,0,0.0,0.0,2.0,1.0,0.5,1.0,1.0,2.0,1.0,2.0,0.5,0.5,0.5,1.0,2.0,1.0,2.0,1.0
nosepass,375,3,https://img.pokemondb.net/sprites/scarlet-violet/icon/nosepass.png,rock,,0,0,0,0,0.5,2.0,0.5,0.5,2.0,1.0,1.0,1.0,2.0,0.5,2.0,2.0,1.0,1.0,1.0,1.0,1.0,1.0
probopass,525,4,https://img.pokemondb.net/sprites/scarlet-violet/icon/probopass.png,rock,steel,0,0,0,0,0.25,4.0,0.25,0.0,4.0,0.5,0.5,1.0,1.0,1.0,2.0,1.0,1.0,0.5,0.5,0.5,1.0,0.5
pyukumuku,410,7,https://img.pokemondb.net/sprites/scarlet-violet/icon/pyukumuku.png,water,,0,0,0,0,1.0,1.0,1.0,1.0,1.0,1.0,1.0,1.0,0.5,0.5,0.5,2.0,2.0,1.0,0.5,1.0,1.0,1.0
chinchou,330,2,https://img.pokemondb.net/sprites/scarlet-violet/icon/chinchou.png,water,electric,0,0,0,0,1.0,1.0,0.5,1.0,2.0,1.0,1.0,1.0,0.25,0.5,0.5,2.0,1.0,1.0,0.5,1.0,1.0,1.0
lanturn,460,2,https://img.pokemondb.net/sprites/scarlet-violet/icon/lanturn.png,water,electric,0,0,0,0,1.0,1.0,0.5,1.0,2.0,1.0,1.0,1.0,0.25,0.5,0.5,2.0,1.0,1.0,0.5,1.0,1.0,1.0
type: null,534,7,https://img.pokemondb.net/sprites/scarlet-violet/icon/type-null.png,normal,,0,0,0,0,1.0,2.0,1.0,1.0,1.0,1.0,1.0,0.0,1.0,1.0,1.0,1.0,1.0,1.0,1.0,1.0,1.0,1.0
silvally,570,7,https://img.pokemondb.net/sprites/scarlet-violet/icon/silvally.png,normal,,0,1,0,0,1.0,2.0,1.0,1.0,1.0,1.0,1.0,0.0,1.0,1.0,1.0,1.0,1.0,1.0,1.0,1.0,1.0,1.0
zygarde,600,6,https://img.pokemondb.net/sprites/scarlet-violet/icon/zygarde-50.png,dragon,ground,0,1,0,0,1.0,1.0,1.0,0.5,1.0,0.5,1.0,1.0,1.0,0.5,1.0,1.0,0.0,1.0,4.0,2.0,1.0,2.0
trubbish,329,5,https://img.pokemondb.net/sprites/scarlet-violet/icon/trubbish.png,poison,,0,0,0,0,1.0,0.5,1.0,0.5,2.0,1.0,0.5,1.0,1.0,1.0,1.0,0.5,1.0,2.0,1.0,1.0,1.0,0.5
garbodor,474,5,https://img.pokemondb.net/sprites/scarlet-violet/icon/garbodor.png,poison,,0,0,0,0,1.0,0.5,1.0,0.5,2.0,1.0,0.5,1.0,1.0,1.0,1.0,0.5,1.0,2.0,1.0,1.0,1.0,0.5
skarmory,465,2,https://img.pokemondb.net/sprites/scarlet-violet/icon/skarmory.png,steel,flying,0,0,0,0,0.5,1.0,0.5,0.0,0.0,1.0,0.25,1.0,0.5,2.0,1.0,0.25,2.0,0.5,1.0,0.5,1.0,0.5
ditto,288,1,https://img.pokemondb.net/sprites/scarlet-violet/icon/ditto.png,normal,,0,0,0,0,1.0,2.0,1.0,1.0,1.0,1.0,1.0,0.0,1.0,1.0,1.0,1.0,1.0,1.0,1.0,1.0,1.0,1.0
cleffa,218,2,https://img.pokemondb.net/sprites/scarlet-violet/icon/cleffa.png,fairy,,0,0,0,0,1.0,0.5,1.0,2.0,1.0,1.0,0.5,1.0,2.0,1.0,1.0,1.0,1.0,1.0,1.0,0.0,0.5,1.0
clefairy,323,1,https://img.pokemondb.net/sprites/scarlet-violet/icon/clefairy.png,fairy,,0,0,0,0,1.0,0.5,1.0,2.0,1.0,1.0,0.5,1.0,2.0,1.0,1.0,1.0,1.0,1.0,1.0,0.0,0.5,1.0
clefable,483,1,https://img.pokemondb.net/sprites/scarlet-violet/icon/clefable.png,fairy,,0,0,0,0,1.0,0.5,1.0,2.0,1.0,1.0,0.5,1.0,2.0,1.0,1.0,1.0,1.0,1.0,1.0,0.0,0.5,1.0
minior,440,7,https://img.pokemondb.net/sprites/scarlet-violet/icon/minior-meteor.png,rock,flying,0,0,0,0,0.5,1.0,0.5,0.5,0.0,2.0,0.5,1.0,2.0,0.5,2.0,1.0,2.0,1.0,2.0,1.0,1.0,1.0
beldum,300,3,https://img.pokemondb.net/sprites/scarlet-violet/icon/beldum.png,steel,psychic,0,0,0,0,0.5,1.0,0.5,0.0,2.0,0.5,1.0,2.0,0.5,2.0,1.0,0.5,1.0,0.25,0.5,0.5,2.0,0.5
metang,420,3,https://img.pokemondb.net/sprites/scarlet-violet/icon/metang.png,steel,psychic,0,0,0,0,0.5,1.0,0.5,0.0,2.0,0.5,1.0,2.0,0.5,2.0,1.0,0.5,1.0,0.25,0.5,0.5,2.0,0.5
metagross,600,3,https://img.pokemondb.net/sprites/scarlet-violet/icon/metagross.png,steel,psychic,0,0,1,0,0.5,1.0,0.5,0.0,2.0,0.5,1.0,2.0,0.5,2.0,1.0,0.5,1.0,0.25,0.5,0.5,2.0,0.5
porygon,395,1,https://img.pokemondb.net/sprites/scarlet-violet/icon/porygon.png,normal,,0,0,0,0,1.0,2.0,1.0,1.0,1.0,1.0,1.0,0.0,1.0,1.0,1.0,1.0,1.0,1.0,1.0,1.0,1.0,1.0
porygon2,515,2,https://img.pokemondb.net/sprites/scarlet-violet/icon/porygon2.png,normal,,0,0,0,0,1.0,2.0,1.0,1.0,1.0,1.0,1.0,0.0,1.0,1.0,1.0,1.0,1.0,1.0,1.0,1.0,1.0,1.0
porygon-z,535,4,https://img.pokemondb.net/sprites/scarlet-violet/icon/porygon-z.png,normal,,0,0,0,0,1.0,2.0,1.0,1.0,1.0,1.0,1.0,0.0,1.0,1.0,1.0,1.0,1.0,1.0,1.0,1.0,1.0,1.0
pancham,348,6,https://img.pokemondb.net/sprites/scarlet-violet/icon/pancham.png,fighting,,0,0,0,0,1.0,1.0,2.0,1.0,1.0,0.5,0.5,1.0,1.0,1.0,1.0,1.0,1.0,2.0,1.0,1.0,0.5,2.0
pangoro,495,6,https://img.pokemondb.net/sprites/scarlet-violet/icon/pangoro.png,fighting,dark,0,0,0,0,1.0,2.0,2.0,1.0,1.0,0.5,1.0,0.5,1.0,1.0,1.0,1.0,1.0,0.0,1.0,1.0,0.25,4.0
komala,480,7,https://img.pokemondb.net/sprites/scarlet-violet/icon/komala.png,normal,,0,0,0,0,1.0,2.0,1.0,1.0,1.0,1.0,1.0,0.0,1.0,1.0,1.0,1.0,1.0,1.0,1.0,1.0,1.0,1.0
torkoal,470,3,https://img.pokemondb.net/sprites/scarlet-violet/icon/torkoal.png,fire,,0,0,0,0,1.0,1.0,1.0,1.0,2.0,2.0,0.5,1.0,0.5,0.5,2.0,0.5,1.0,1.0,0.5,1.0,1.0,0.5
turtonator,485,7,https://img.pokemondb.net/sprites/scarlet-violet/icon/turtonator.png,fire,dragon,0,0,0,0,1.0,1.0,1.0,1.0,2.0,2.0,0.5,1.0,0.5,0.25,1.0,0.25,0.5,1.0,1.0,2.0,1.0,1.0
togedemaru,435,7,https://img.pokemondb.net/sprites/scarlet-violet/icon/togedemaru.png,electric,steel,0,0,0,0,0.5,2.0,0.25,0.0,4.0,0.5,0.5,1.0,0.25,2.0,1.0,0.5,0.5,0.5,0.5,0.5,1.0,0.5
elekid,360,2,https://img.pokemondb.net/sprites/scarlet-violet/icon/elekid.png,electric,,0,0,0,0,1.0,1.0,0.5,1.0,2.0,1.0,1.0,1.0,0.5,1.0,1.0,1.0,0.5,1.0,1.0,1.0,1.0,1.0
electabuzz,490,1,https://img.pokemondb.net/sprites/scarlet-violet/icon/electabuzz.png,electric,,0,0,0,0,1.0,1.0,0.5,1.0,2.0,1.0,1.0,1.0,0.5,1.0,1.0,1.0,0.5,1.0,1.0,1.0,1.0,1.0
electivire,540,4,https://img.pokemondb.net/sprites/scarlet-violet/icon/electivire.png,electric,,0,0,0,0,1.0,1.0,0.5,1.0,2.0,1.0,1.0,1.0,0.5,1.0,1.0,1.0,0.5,1.0,1.0,1.0,1.0,1.0
geodude,300,1,https://img.pokemondb.net/sprites/scarlet-violet/icon/geodude.png,rock,electric,0,0,0,0,0.5,2.0,0.25,0.5,4.0,1.0,1.0,1.0,1.0,0.5,2.0,2.0,0.5,1.0,1.0,1.0,1.0,1.0
graveler,390,1,https://img.pokemondb.net/sprites/scarlet-violet/icon/graveler.png,rock,electric,0,0,0,0,0.5,2.0,0.25,0.5,4.0,1.0,1.0,1.0,1.0,0.5,2.0,2.0,0.5,1.0,1.0,1.0,1.0,1.0
golem,495,1,https://img.pokemondb.net/sprites/scarlet-violet/icon/golem.png,rock,electric,0,0,0,0,0.5,2.0,0.25,0.5,4.0,1.0,1.0,1.0,1.0,0.5,2.0,2.0,0.5,1.0,1.0,1.0,1.0,1.0
sandile,292,5,https://img.pokemondb.net/sprites/scarlet-violet/icon/sandile.png,ground,dark,0,0,0,0,1.0,2.0,1.0,0.5,1.0,0.5,2.0,0.5,1.0,1.0,2.0,2.0,0.0,0.0,2.0,1.0,0.5,2.0
krokorok,351,5,https://img.pokemondb.net/sprites/scarlet-violet/icon/krokorok.png,ground,dark,0,0,0,0,1.0,2.0,1.0,0.5,1.0,0.5,2.0,0.5,1.0,1.0,2.0,2.0,0.0,0.0,2.0,1.0,0.5,2.0
krookodile,519,5,https://img.pokemondb.net/sprites/scarlet-violet/icon/krookodile.png,ground,dark,0,0,0,0,1.0,2.0,1.0,0.5,1.0,0.5,2.0,0.5,1.0,1.0,2.0,2.0,0.0,0.0,2.0,1.0,0.5,2.0
trapinch,290,3,https://img.pokemondb.net/sprites/scarlet-violet/icon/trapinch.png,ground,,0,0,0,0,1.0,1.0,1.0,0.5,1.0,0.5,1.0,1.0,1.0,1.0,2.0,2.0,0.0,1.0,2.0,1.0,1.0,1.0
vibrava,340,3,https://img.pokemondb.net/sprites/scarlet-violet/icon/vibrava.png,ground,dragon,0,0,0,0,1.0,1.0,1.0,0.5,1.0,0.5,1.0,1.0,1.0,0.5,1.0,1.0,0.0,1.0,4.0,2.0,1.0,2.0
flygon,520,3,https://img.pokemondb.net/sprites/scarlet-violet/icon/flygon.png,ground,dragon,0,0,0,0,1.0,1.0,1.0,0.5,1.0,0.5,1.0,1.0,1.0,0.5,1.0,1.0,0.0,1.0,4.0,2.0,1.0,2.0
gible,300,4,https://img.pokemondb.net/sprites/scarlet-violet/icon/gible.png,dragon,ground,0,0,0,0,1.0,1.0,1.0,0.5,1.0,0.5,1.0,1.0,1.0,0.5,1.0,1.0,0.0,1.0,4.0,2.0,1.0,2.0
gabite,410,4,https://img.pokemondb.net/sprites/scarlet-violet/icon/gabite.png,dragon,ground,0,0,0,0,1.0,1.0,1.0,0.5,1.0,0.5,1.0,1.0,1.0,0.5,1.0,1.0,0.0,1.0,4.0,2.0,1.0,2.0
garchomp,600,4,https://img.pokemondb.net/sprites/scarlet-violet/icon/garchomp.png,dragon,ground,0,0,1,0,1.0,1.0,1.0,0.5,1.0,0.5,1.0,1.0,1.0,0.5,1.0,1.0,0.0,1.0,4.0,2.0,1.0,2.0
klefki,470,6,https://img.pokemondb.net/sprites/scarlet-violet/icon/klefki.png,steel,fairy,0,0,0,0,0.5,1.0,0.5,0.0,2.0,0.5,0.25,1.0,1.0,2.0,1.0,0.5,1.0,0.5,0.5,0.0,0.5,0.5
mimikyu,476,7,https://img.pokemondb.net/sprites/scarlet-violet/icon/mimikyu.png,ghost,fairy,0,0,0,0,0.0,0.0,1.0,1.0,1.0,1.0,0.25,2.0,2.0,1.0,1.0,1.0,1.0,1.0,1.0,0.0,1.0,1.0
bruxish,475,7,https://img.pokemondb.net/sprites/scarlet-violet/icon/bruxish.png,water,psychic,0,0,0,0,1.0,0.5,1.0,1.0,1.0,1.0,2.0,2.0,0.5,0.5,0.5,2.0,2.0,0.5,0.5,1.0,2.0,1.0
drampa,485,7,https://img.pokemondb.net/sprites/scarlet-violet/icon/drampa.png,normal,dragon,0,0,0,0,1.0,2.0,1.0,1.0,1.0,1.0,1.0,0.0,1.0,0.5,0.5,0.5,0.5,1.0,2.0,2.0,1.0,2.0
absol,465,3,https://img.pokemondb.net/sprites/scarlet-violet/icon/absol.png,dark,,0,0,0,0,1.0,2.0,1.0,1.0,1.0,1.0,2.0,0.5,1.0,1.0,1.0,1.0,1.0,0.0,1.0,1.0,0.5,2.0
snorunt,300,3,https://img.pokemondb.net/sprites/scarlet-violet/icon/snorunt.png,ice,,0,0,0,0,1.0,2.0,1.0,1.0,1.0,2.0,1.0,1.0,2.0,2.0,1.0,1.0,1.0,1.0,0.5,1.0,1.0,1.0
glalie,480,3,https://img.pokemondb.net/sprites/scarlet-violet/icon/glalie.png,ice,,0,0,0,0,1.0,2.0,1.0,1.0,1.0,2.0,1.0,1.0,2.0,2.0,1.0,1.0,1.0,1.0,0.5,1.0,1.0,1.0
froslass,480,4,https://img.pokemondb.net/sprites/scarlet-violet/icon/froslass.png,ice,ghost,0,0,0,0,0.0,0.0,1.0,0.5,1.0,2.0,0.5,2.0,2.0,2.0,1.0,1.0,1.0,1.0,0.5,1.0,2.0,1.0
sneasel,430,2,https://img.pokemondb.net/sprites/scarlet-violet/icon/sneasel.png,dark,ice,0,0,0,0,1.0,4.0,1.0,1.0,1.0,2.0,2.0,0.5,2.0,2.0,1.0,1.0,1.0,0.0,0.5,1.0,0.5,2.0
weavile,510,4,https://img.pokemondb.net/sprites/scarlet-violet/icon/weavile.png,dark,ice,0,0,0,0,1.0,4.0,1.0,1.0,1.0,2.0,2.0,0.5,2.0,2.0,1.0,1.0,1.0,0.0,0.5,1.0,0.5,2.0
sandshrew,300,1,https://img.pokemondb.net/sprites/scarlet-violet/icon/sandshrew.png,ice,steel,0,0,0,0,0.5,4.0,0.5,0.0,2.0,1.0,0.5,1.0,1.0,4.0,1.0,0.5,1.0,0.5,0.25,0.5,1.0,0.5
sandslash,450,1,https://img.pokemondb.net/sprites/scarlet-violet/icon/sandslash.png,ice,steel,0,0,0,0,0.5,4.0,0.5,0.0,2.0,1.0,0.5,1.0,1.0,4.0,1.0,0.5,1.0,0.5,0.25,0.5,1.0,0.5
vulpix,299,1,https://img.pokemondb.net/sprites/scarlet-violet/icon/vulpix.png,ice,,0,0,0,0,1.0,2.0,1.0,1.0,1.0,2.0,1.0,1.0,2.0,2.0,1.0,1.0,1.0,1.0,0.5,1.0,1.0,1.0
ninetales,505,1,https://img.pokemondb.net/sprites/scarlet-violet/icon/ninetales.png,ice,fairy,0,0,0,0,1.0,1.0,1.0,2.0,1.0,2.0,0.5,1.0,4.0,2.0,1.0,1.0,1.0,1.0,0.5,0.0,0.5,1.0
vanillite,305,5,https://img.pokemondb.net/sprites/scarlet-violet/icon/vanillite.png,ice,,0,0,0,0,1.0,2.0,1.0,1.0,1.0,2.0,1.0,1.0,2.0,2.0,1.0,1.0,1.0,1.0,0.5,1.0,1.0,1.0
vanillish,395,5,https://img.pokemondb.net/sprites/scarlet-violet/icon/vanillish.png,ice,,0,0,0,0,1.0,2.0,1.0,1.0,1.0,2.0,1.0,1.0,2.0,2.0,1.0,1.0,1.0,1.0,0.5,1.0,1.0,1.0
vanilluxe,535,5,https://img.pokemondb.net/sprites/scarlet-violet/icon/vanilluxe.png,ice,,0,0,0,0,1.0,2.0,1.0,1.0,1.0,2.0,1.0,1.0,2.0,2.0,1.0,1.0,1.0,1.0,0.5,1.0,1.0,1.0
snubbull,300,2,https://img.pokemondb.net/sprites/scarlet-violet/icon/snubbull.png,fairy,,0,0,0,0,1.0,0.5,1.0,2.0,1.0,1.0,0.5,1.0,2.0,1.0,1.0,1.0,1.0,1.0,1.0,0.0,0.5,1.0
granbull,450,2,https://img.pokemondb.net/sprites/scarlet-violet/icon/granbull.png,fairy,,0,0,0,0,1.0,0.5,1.0,2.0,1.0,1.0,0.5,1.0,2.0,1.0,1.0,1.0,1.0,1.0,1.0,0.0,0.5,1.0
shellos,325,4,https://img.pokemondb.net/sprites/scarlet-violet/icon/shellos.png,water,,0,0,0,0,1.0,1.0,1.0,1.0,1.0,1.0,1.0,1.0,0.5,0.5,0.5,2.0,2.0,1.0,0.5,1.0,1.0,1.0
gastrodon,475,4,https://img.pokemondb.net/sprites/scarlet-violet/icon/gastrodon.png,water,ground,0,0,0,0,1.0,1.0,1.0,0.5,1.0,0.5,1.0,1.0,0.5,0.5,1.0,4.0,0.0,1.0,1.0,1.0,1.0,1.0
relicanth,485,3,https://img.pokemondb.net/sprites/scarlet-violet/icon/relicanth.png,water,rock,0,0,0,0,0.5,2.0,0.5,0.5,2.0,1.0,1.0,1.0,1.0,0.25,1.0,4.0,2.0,1.0,0.5,1.0,1.0,1.0
dhelmise,517,7,https://img.pokemondb.net/sprites/scarlet-violet/icon/dhelmise.png,ghost,grass,0,0,0,0,0.0,0.0,2.0,1.0,0.5,1.0,1.0,2.0,1.0,2.0,0.5,0.5,0.5,1.0,2.0,1.0,2.0,1.0
carvanha,305,3,https://img.pokemondb.net/sprites/scarlet-violet/icon/carvanha.png,water,dark,0,0,0,0,1.0,2.0,1.0,1.0,1.0,1.0,2.0,0.5,0.5,0.5,0.5,2.0,2.0,0.0,0.5,1.0,0.5,2.0
sharpedo,460,3,https://img.pokemondb.net/sprites/scarlet-violet/icon/sharpedo.png,water,dark,0,0,0,0,1.0,2.0,1.0,1.0,1.0,1.0,2.0,0.5,0.5,0.5,0.5,2.0,2.0,0.0,0.5,1.0,0.5,2.0
wailmer,400,3,https://img.pokemondb.net/sprites/scarlet-violet/icon/wailmer.png,water,,0,0,0,0,1.0,1.0,1.0,1.0,1.0,1.0,1.0,1.0,0.5,0.5,0.5,2.0,2.0,1.0,0.5,1.0,1.0,1.0
wailord,500,3,https://img.pokemondb.net/sprites/scarlet-violet/icon/wailord.png,water,,0,0,0,0,1.0,1.0,1.0,1.0,1.0,1.0,1.0,1.0,0.5,0.5,0.5,2.0,2.0,1.0,0.5,1.0,1.0,1.0
lapras,535,1,https://img.pokemondb.net/sprites/scarlet-violet/icon/lapras.png,water,ice,0,0,0,0,1.0,2.0,1.0,1.0,1.0,2.0,1.0,1.0,1.0,1.0,0.5,2.0,2.0,1.0,0.25,1.0,1.0,1.0
exeggcute,325,1,https://img.pokemondb.net/sprites/scarlet-violet/icon/exeggcute.png,grass,psychic,0,0,0,0,1.0,0.5,2.0,2.0,0.5,1.0,4.0,2.0,1.0,2.0,0.5,0.5,0.5,0.5,2.0,1.0,2.0,1.0
exeggutor,530,1,https://img.pokemondb.net/sprites/scarlet-violet/icon/exeggutor.png,grass,dragon,0,0,0,0,1.0,1.0,2.0,2.0,0.5,1.0,2.0,1.0,1.0,1.0,0.25,0.25,0.25,1.0,4.0,2.0,1.0,2.0
jangmo-o,300,7,https://img.pokemondb.net/sprites/scarlet-violet/icon/jangmo-o.png,dragon,,0,0,0,0,1.0,1.0,1.0,1.0,1.0,1.0,1.0,1.0,1.0,0.5,0.5,0.5,0.5,1.0,2.0,2.0,1.0,2.0
hakamo-o,420,7,https://img.pokemondb.net/sprites/scarlet-violet/icon/hakamo-o.png,dragon,fighting,0,0,0,0,1.0,1.0,2.0,1.0,1.0,0.5,0.5,1.0,1.0,0.5,0.5,0.5,0.5,2.0,2.0,2.0,0.5,4.0
kommo-o,600,7,https://img.pokemondb.net/sprites/scarlet-violet/icon/kommo-o.png,dragon,fighting,0,0,1,0,1.0,1.0,2.0,1.0,1.0,0.5,0.5,1.0,1.0,0.5,0.5,0.5,0.5,2.0,2.0,2.0,0.5,4.0
emolga,428,5,https://img.pokemondb.net/sprites/scarlet-violet/icon/emolga.png,electric,flying,0,0,0,0,1.0,0.5,0.5,1.0,0.0,2.0,0.5,1.0,0.5,1.0,1.0,0.5,1.0,1.0,2.0,1.0,1.0,1.0
scyther,500,1,https://img.pokemondb.net/sprites/scarlet-violet/icon/scyther.png,bug,flying,0,0,0,0,1.0,0.25,2.0,1.0,0.0,4.0,0.5,1.0,1.0,2.0,1.0,0.25,2.0,1.0,2.0,1.0,1.0,1.0
scizor,500,2,https://img.pokemondb.net/sprites/scarlet-violet/icon/scizor.png,bug,steel,0,0,0,0,0.5,1.0,1.0,0.0,1.0,1.0,0.5,1.0,0.5,4.0,1.0,0.25,1.0,0.5,0.5,0.5,1.0,0.5
murkrow,405,2,https://img.pokemondb.net/sprites/scarlet-violet/icon/murkrow.png,dark,flying,0,0,0,0,1.0,1.0,1.0,1.0,0.0,2.0,1.0,0.5,1.0,1.0,1.0,0.5,2.0,0.0,2.0,1.0,0.5,2.0
honchkrow,505,4,https://img.pokemondb.net/sprites/scarlet-violet/icon/honchkrow.png,dark,flying,0,0,0,0,1.0,1.0,1.0,1.0,0.0,2.0,1.0,0.5,1.0,1.0,1.0,0.5,2.0,0.0,2.0,1.0,0.5,2.0
riolu,285,4,https://img.pokemondb.net/sprites/scarlet-violet/icon/riolu.png,fighting,,0,0,0,0,1.0,1.0,2.0,1.0,1.0,0.5,0.5,1.0,1.0,1.0,1.0,1.0,1.0,2.0,1.0,1.0,0.5,2.0
lucario,525,4,https://img.pokemondb.net/sprites/scarlet-violet/icon/lucario.png,fighting,steel,0,0,0,0,0.5,2.0,1.0,0.0,2.0,0.25,0.25,1.0,0.5,2.0,1.0,0.5,1.0,1.0,0.5,0.5,0.5,1.0
dratini,300,1,https://img.pokemondb.net/sprites/scarlet-violet/icon/dratini.png,dragon,,0,0,0,0,1.0,1.0,1.0,1.0,1.0,1.0,1.0,1.0,1.0,0.5,0.5,0.5,0.5,1.0,2.0,2.0,1.0,2.0
dragonair,420,1,https://img.pokemondb.net/sprites/scarlet-violet/icon/dragonair.png,dragon,,0,0,0,0,1.0,1.0,1.0,1.0,1.0,1.0,1.0,1.0,1.0,0.5,0.5,0.5,0.5,1.0,2.0,2.0,1.0,2.0
dragonite,600,1,https://img.pokemondb.net/sprites/scarlet-violet/icon/dragonite.png,dragon,flying,0,0,1,0,1.0,0.5,1.0,1.0,0.0,2.0,0.5,1.0,1.0,0.5,0.5,0.25,1.0,1.0,4.0,2.0,1.0,2.0
aerodactyl,515,1,https://img.pokemondb.net/sprites/scarlet-violet/icon/aerodactyl.png,rock,flying,0,0,0,1,0.5,1.0,0.5,0.5,0.0,2.0,0.5,1.0,2.0,0.5,2.0,1.0,2.0,1.0,2.0,1.0,1.0,1.0
tapu koko,570,7,https://img.pokemondb.net/sprites/scarlet-violet/icon/tapu-koko.png,electric,fairy,0,1,0,0,1.0,0.5,0.5,2.0,2.0,1.0,0.5,1.0,1.0,1.0,1.0,1.0,0.5,1.0,1.0,0.0,0.5,1.0
tapu lele,570,7,https://img.pokemondb.net/sprites/scarlet-violet/icon/tapu-lele.png,psychic,fairy,0,1,0,0,1.0,0.25,1.0,2.0,1.0,1.0,1.0,2.0,2.0,1.0,1.0,1.0,1.0,0.5,1.0,0.0,1.0,1.0
tapu bulu,570,7,https://img.pokemondb.net/sprites/scarlet-violet/icon/tapu-bulu.png,grass,fairy,0,1,0,0,1.0,0.5,2.0,4.0,0.5,1.0,1.0,1.0,2.0,2.0,0.5,0.5,0.5,1.0,2.0,0.0,0.5,1.0
tapu fini,570,7,https://img.pokemondb.net/sprites/scarlet-violet/icon/tapu-fini.png,water,fairy,0,1,0,0,1.0,0.5,1.0,2.0,1.0,1.0,0.5,1.0,1.0,0.5,0.5,2.0,2.0,1.0,0.5,0.0,0.5,1.0
cosmog,200,7,https://img.pokemondb.net/sprites/scarlet-violet/icon/cosmog.png,psychic,,0,1,0,0,1.0,0.5,1.0,1.0,1.0,1.0,2.0,2.0,1.0,1.0,1.0,1.0,1.0,0.5,1.0,1.0,2.0,1.0
cosmoem,400,7,https://img.pokemondb.net/sprites/scarlet-violet/icon/cosmoem.png,psychic,,0,1,0,0,1.0,0.5,1.0,1.0,1.0,1.0,2.0,2.0,1.0,1.0,1.0,1.0,1.0,0.5,1.0,1.0,2.0,1.0
solgaleo,680,7,https://img.pokemondb.net/sprites/scarlet-violet/icon/solgaleo.png,psychic,steel,0,1,0,0,0.5,1.0,0.5,0.0,2.0,0.5,1.0,2.0,0.5,2.0,1.0,0.5,1.0,0.25,0.5,0.5,2.0,0.5
lunala,680,7,https://img.pokemondb.net/sprites/scarlet-violet/icon/lunala.png,psychic,ghost,0,1,0,0,0.0,0.0,1.0,0.5,1.0,1.0,1.0,4.0,1.0,1.0,1.0,1.0,1.0,0.5,1.0,1.0,4.0,1.0
nihilego,570,7,https://img.pokemondb.net/sprites/scarlet-violet/icon/nihilego.png,rock,poison,0,1,0,0,0.5,1.0,0.5,0.25,4.0,1.0,0.5,1.0,2.0,0.5,2.0,1.0,1.0,2.0,1.0,1.0,1.0,0.5
buzzwole,570,7,https://img.pokemondb.net/sprites/scarlet-violet/icon/buzzwole.png,bug,fighting,0,1,0,0,1.0,0.5,4.0,1.0,0.5,1.0,0.5,1.0,1.0,2.0,1.0,0.5,1.0,2.0,1.0,1.0,0.5,2.0
pheromosa,570,7,https://img.pokemondb.net/sprites/scarlet-violet/icon/pheromosa.png,bug,fighting,0,1,0,0,1.0,0.5,4.0,1.0,0.5,1.0,0.5,1.0,1.0,2.0,1.0,0.5,1.0,2.0,1.0,1.0,0.5,2.0
xurkitree,570,7,https://img.pokemondb.net/sprites/scarlet-violet/icon/xurkitree.png,electric,,0,1,0,0,1.0,1.0,0.5,1.0,2.0,1.0,1.0,1.0,0.5,1.0,1.0,1.0,0.5,1.0,1.0,1.0,1.0,1.0
celesteela,570,7,https://img.pokemondb.net/sprites/scarlet-violet/icon/celesteela.png,steel,flying,0,1,0,0,0.5,1.0,0.5,0.0,0.0,1.0,0.25,1.0,0.5,2.0,1.0,0.25,2.0,0.5,1.0,0.5,1.0,0.5
kartana,570,7,https://img.pokemondb.net/sprites/scarlet-violet/icon/kartana.png,grass,steel,0,1,0,0,0.5,2.0,1.0,0.0,1.0,0.5,1.0,1.0,0.5,4.0,0.5,0.25,0.5,0.5,1.0,0.5,1.0,0.5
guzzlord,570,7,https://img.pokemondb.net/sprites/scarlet-violet/icon/guzzlord.png,dark,dragon,0,1,0,0,1.0,2.0,1.0,1.0,1.0,1.0,2.0,0.5,1.0,0.5,0.5,0.5,0.5,0.0,2.0,2.0,0.5,4.0
necrozma,600,7,https://img.pokemondb.net/sprites/scarlet-violet/icon/necrozma.png,psychic,,0,1,0,0,1.0,0.5,1.0,1.0,1.0,1.0,2.0,2.0,1.0,1.0,1.0,1.0,1.0,0.5,1.0,1.0,2.0,1.0
magearna,600,7,https://img.pokemondb.net/sprites/scarlet-violet/icon/magearna.png,steel,fairy,0,1,0,0,0.5,1.0,0.5,0.0,2.0,0.5,0.25,1.0,1.0,2.0,1.0,0.5,1.0,0.5,0.5,0.0,0.5,0.5
marshadow,600,7,https://img.pokemondb.net/sprites/scarlet-violet/icon/marshadow.png,fighting,ghost,0,1,0,0,0.0,0.0,2.0,0.5,1.0,0.5,0.25,2.0,1.0,1.0,1.0,1.0,1.0,2.0,1.0,1.0,1.0,2.0
