name,base_total,generation,type1,type2,is_starter,is_legendary,is_pseudo_legendary,is_fossil,against_normal,against_fighting,against_flying,against_poison,against_ground,against_rock,against_bug,against_ghost,against_steel,against_fire,against_water,against_grass,against_electric,against_psychic,against_ice,against_dragon,against_dark,against_fairy
grookey,310,8,grass,,0,0,0,0,1.0,1.0,2.0,2.0,0.5,1.0,2.0,1.0,1.0,2.0,0.5,0.5,0.5,1.0,2.0,1.0,1.0,1.0
thwackey,420,8,grass,,0,0,0,0,1.0,1.0,2.0,2.0,0.5,1.0,2.0,1.0,1.0,2.0,0.5,0.5,0.5,1.0,2.0,1.0,1.0,1.0
rillaboom,530,8,grass,,1,0,0,0,1.0,1.0,2.0,2.0,0.5,1.0,2.0,1.0,1.0,2.0,0.5,0.5,0.5,1.0,2.0,1.0,1.0,1.0
scorbunny,310,8,fire,,0,0,0,0,1.0,1.0,1.0,1.0,2.0,2.0,0.5,1.0,0.5,0.5,2.0,0.5,1.0,1.0,0.5,1.0,1.0,0.5
raboot,420,8,fire,,0,0,0,0,1.0,1.0,1.0,1.0,2.0,2.0,0.5,1.0,0.5,0.5,2.0,0.5,1.0,1.0,0.5,1.0,1.0,0.5
cinderace,530,8,fire,,1,0,0,0,1.0,1.0,1.0,1.0,2.0,2.0,0.5,1.0,0.5,0.5,2.0,0.5,1.0,1.0,0.5,1.0,1.0,0.5
sobble,310,8,water,,0,0,0,0,1.0,1.0,1.0,1.0,1.0,1.0,1.0,1.0,0.5,0.5,0.5,2.0,2.0,1.0,0.5,1.0,1.0,1.0
drizzile,420,8,water,,0,0,0,0,1.0,1.0,1.0,1.0,1.0,1.0,1.0,1.0,0.5,0.5,0.5,2.0,2.0,1.0,0.5,1.0,1.0,1.0
inteleon,530,8,water,,1,0,0,0,1.0,1.0,1.0,1.0,1.0,1.0,1.0,1.0,0.5,0.5,0.5,2.0,2.0,1.0,0.5,1.0,1.0,1.0
blipbug,180,8,bug,,0,0,0,0,1.0,0.5,2.0,1.0,0.5,2.0,1.0,1.0,1.0,2.0,1.0,0.5,1.0,1.0,1.0,1.0,1.0,1.0
dottler,335,8,bug,psychic,0,0,0,0,1.0,0.25,2.0,1.0,0.5,2.0,2.0,2.0,1.0,2.0,1.0,0.5,1.0,0.5,1.0,1.0,2.0,1.0
orbeetle,505,8,bug,psychic,0,0,0,0,1.0,0.25,2.0,1.0,0.5,2.0,2.0,2.0,1.0,2.0,1.0,0.5,1.0,0.5,1.0,1.0,2.0,1.0
caterpie,195,1,bug,,0,0,0,0,1.0,0.5,2.0,1.0,0.5,2.0,1.0,1.0,1.0,2.0,1.0,0.5,1.0,1.0,1.0,1.0,1.0,1.0
metapod,205,1,bug,,0,0,0,0,1.0,0.5,2.0,1.0,0.5,2.0,1.0,1.0,1.0,2.0,1.0,0.5,1.0,1.0,1.0,1.0,1.0,1.0
butterfree,395,1,bug,flying,0,0,0,0,1.0,0.25,2.0,1.0,0.0,4.0,0.5,1.0,1.0,2.0,1.0,0.25,2.0,1.0,2.0,1.0,1.0,1.0
grubbin,300,7,bug,,0,0,0,0,1.0,0.5,2.0,1.0,0.5,2.0,1.0,1.0,1.0,2.0,1.0,0.5,1.0,1.0,1.0,1.0,1.0,1.0
charjabug,400,7,bug,electric,0,0,0,0,1.0,0.5,1.0,1.0,1.0,2.0,1.0,1.0,0.5,2.0,1.0,0.5,0.5,1.0,1.0,1.0,1.0,1.0
vikavolt,500,7,bug,electric,0,0,0,0,1.0,0.5,1.0,1.0,1.0,2.0,1.0,1.0,0.5,2.0,1.0,0.5,0.5,1.0,1.0,1.0,1.0,1.0
hoothoot,262,2,normal,flying,0,0,0,0,1.0,1.0,1.0,1.0,0.0,2.0,0.5,0.0,1.0,1.0,1.0,0.5,2.0,1.0,2.0,1.0,1.0,1.0
noctowl,452,2,normal,flying,0,0,0,0,1.0,1.0,1.0,1.0,0.0,2.0,0.5,0.0,1.0,1.0,1.0,0.5,2.0,1.0,2.0,1.0,1.0,1.0
rookidee,245,8,flying,,0,0,0,0,1.0,0.5,1.0,1.0,0.0,2.0,0.5,1.0,1.0,1.0,1.0,0.5,2.0,1.0,2.0,1.0,1.0,1.0
corvisquire,365,8,flying,,0,0,0,0,1.0,0.5,1.0,1.0,0.0,2.0,0.5,1.0,1.0,1.0,1.0,0.5,2.0,1.0,2.0,1.0,1.0,1.0
corviknight,495,8,flying,steel,0,0,0,0,0.5,1.0,0.5,0.0,0.0,1.0,0.25,1.0,0.5,2.0,1.0,0.25,2.0,0.5,1.0,0.5,1.0,0.5
skwovet,275,8,normal,,0,0,0,0,1.0,2.0,1.0,1.0,1.0,1.0,1.0,0.0,1.0,1.0,1.0,1.0,1.0,1.0,1.0,1.0,1.0,1.0
greedent,460,8,normal,,0,0,0,0,1.0,2.0,1.0,1.0,1.0,1.0,1.0,0.0,1.0,1.0,1.0,1.0,1.0,1.0,1.0,1.0,1.0,1.0
pidove,264,5,normal,flying,0,0,0,0,1.0,1.0,1.0,1.0,0.0,2.0,0.5,0.0,1.0,1.0,1.0,0.5,2.0,1.0,2.0,1.0,1.0,1.0
tranquill,358,5,normal,flying,0,0,0,0,1.0,1.0,1.0,1.0,0.0,2.0,0.5,0.0,1.0,1.0,1.0,0.5,2.0,1.0,2.0,1.0,1.0,1.0
unfezant,488,5,normal,flying,0,0,0,0,1.0,1.0,1.0,1.0,0.0,2.0,0.5,0.0,1.0,1.0,1.0,0.5,2.0,1.0,2.0,1.0,1.0,1.0
nickit,245,8,dark,,0,0,0,0,1.0,2.0,1.0,1.0,1.0,1.0,2.0,0.5,1.0,1.0,1.0,1.0,1.0,0.0,1.0,1.0,0.5,2.0
thievul,455,8,dark,,0,0,0,0,1.0,2.0,1.0,1.0,1.0,1.0,2.0,0.5,1.0,1.0,1.0,1.0,1.0,0.0,1.0,1.0,0.5,2.0
zigzagoon,240,3,dark,normal,0,0,0,0,1.0,4.0,1.0,1.0,1.0,1.0,2.0,0.0,1.0,1.0,1.0,1.0,1.0,0.0,1.0,1.0,0.5,2.0
linoone,420,3,dark,normal,0,0,0,0,1.0,4.0,1.0,1.0,1.0,1.0,2.0,0.0,1.0,1.0,1.0,1.0,1.0,0.0,1.0,1.0,0.5,2.0
obstagoon,520,8,dark,normal,0,0,0,0,1.0,4.0,1.0,1.0,1.0,1.0,2.0,0.0,1.0,1.0,1.0,1.0,1.0,0.0,1.0,1.0,0.5,2.0
wooloo,270,8,normal,,0,0,0,0,1.0,2.0,1.0,1.0,1.0,1.0,1.0,0.0,1.0,1.0,1.0,1.0,1.0,1.0,1.0,1.0,1.0,1.0
dubwool,490,8,normal,,0,0,0,0,1.0,2.0,1.0,1.0,1.0,1.0,1.0,0.0,1.0,1.0,1.0,1.0,1.0,1.0,1.0,1.0,1.0,1.0
lotad,220,3,water,grass,0,0,0,0,1.0,1.0,2.0,2.0,0.5,1.0,2.0,1.0,0.5,1.0,0.25,1.0,1.0,1.0,1.0,1.0,1.0,1.0
lombre,340,3,water,grass,0,0,0,0,1.0,1.0,2.0,2.0,0.5,1.0,2.0,1.0,0.5,1.0,0.25,1.0,1.0,1.0,1.0,1.0,1.0,1.0
ludicolo,480,3,water,grass,0,0,0,0,1.0,1.0,2.0,2.0,0.5,1.0,2.0,1.0,0.5,1.0,0.25,1.0,1.0,1.0,1.0,1.0,1.0,1.0
seedot,220,3,grass,,0,0,0,0,1.0,1.0,2.0,2.0,0.5,1.0,2.0,1.0,1.0,2.0,0.5,0.5,0.5,1.0,2.0,1.0,1.0,1.0
nuzleaf,340,3,grass,dark,0,0,0,0,1.0,2.0,2.0,2.0,0.5,1.0,4.0,0.5,1.0,2.0,0.5,0.5,0.5,0.0,2.0,1.0,0.5,2.0
shiftry,480,3,grass,dark,0,0,0,0,1.0,2.0,2.0,2.0,0.5,1.0,4.0,0.5,1.0,2.0,0.5,0.5,0.5,0.0,2.0,1.0,0.5,2.0
chewtle,284,8,water,,0,0,0,0,1.0,1.0,1.0,1.0,1.0,1.0,1.0,1.0,0.5,0.5,0.5,2.0,2.0,1.0,0.5,1.0,1.0,1.0
drednaw,485,8,water,rock,0,0,0,0,0.5,2.0,0.5,0.5,2.0,1.0,1.0,1.0,1.0,0.25,1.0,4.0,2.0,1.0,0.5,1.0,1.0,1.0
purrloin,281,5,dark,,0,0,0,0,1.0,2.0,1.0,1.0,1.0,1.0,2.0,0.5,1.0,1.0,1.0,1.0,1.0,0.0,1.0,1.0,0.5,2.0
liepard,446,5,dark,,0,0,0,0,1.0,2.0,1.0,1.0,1.0,1.0,2.0,0.5,1.0,1.0,1.0,1.0,1.0,0.0,1.0,1.0,0.5,2.0
yamper,270,8,electric,,0,0,0,0,1.0,1.0,0.5,1.0,2.0,1.0,1.0,1.0,0.5,1.0,1.0,1.0,0.5,1.0,1.0,1.0,1.0,1.0
boltund,490,8,electric,,0,0,0,0,1.0,1.0,0.5,1.0,2.0,1.0,1.0,1.0,0.5,1.0,1.0,1.0,0.5,1.0,1.0,1.0,1.0,1.0
bunnelby,237,6,normal,,0,0,0,0,1.0,2.0,1.0,1.0,1.0,1.0,1.0,0.0,1.0,1.0,1.0,1.0,1.0,1.0,1.0,1.0,1.0,1.0
diggersby,423,6,normal,ground,0,0,0,0,1.0,2.0,1.0,0.5,1.0,0.5,1.0,0.0,1.0,1.0,2.0,2.0,0.0,1.0,2.0,1.0,1.0,1.0
minccino,300,5,normal,,0,0,0,0,1.0,2.0,1.0,1.0,1.0,1.0,1.0,0.0,1.0,1.0,1.0,1.0,1.0,1.0,1.0,1.0,1.0,1.0
cinccino,470,5,normal,,0,0,0,0,1.0,2.0,1.0,1.0,1.0,1.0,1.0,0.0,1.0,1.0,1.0,1.0,1.0,1.0,1.0,1.0,1.0,1.0
bounsweet,210,7,grass,,0,0,0,0,1.0,1.0,2.0,2.0,0.5,1.0,2.0,1.0,1.0,2.0,0.5,0.5,0.5,1.0,2.0,1.0,1.0,1.0
steenee,290,7,grass,,0,0,0,0,1.0,1.0,2.0,2.0,0.5,1.0,2.0,1.0,1.0,2.0,0.5,0.5,0.5,1.0,2.0,1.0,1.0,1.0
tsareena,510,7,grass,,0,0,0,0,1.0,1.0,2.0,2.0,0.5,1.0,2.0,1.0,1.0,2.0,0.5,0.5,0.5,1.0,2.0,1.0,1.0,1.0
oddish,320,1,grass,poison,0,0,0,0,1.0,0.5,2.0,1.0,1.0,1.0,1.0,1.0,1.0,2.0,0.5,0.25,0.5,2.0,2.0,1.0,1.0,0.5
gloom,395,1,grass,poison,0,0,0,0,1.0,0.5,2.0,1.0,1.0,1.0,1.0,1.0,1.0,2.0,0.5,0.25,0.5,2.0,2.0,1.0,1.0,0.5
vileplume,490,1,grass,poison,0,0,0,0,1.0,0.5,2.0,1.0,1.0,1.0,1.0,1.0,1.0,2.0,0.5,0.25,0.5,2.0,2.0,1.0,1.0,0.5
bellossom,490,2,grass,,0,0,0,0,1.0,1.0,2.0,2.0,0.5,1.0,2.0,1.0,1.0,2.0,0.5,0.5,0.5,1.0,2.0,1.0,1.0,1.0
budew,280,4,grass,poison,0,0,0,0,1.0,0.5,2.0,1.0,1.0,1.0,1.0,1.0,1.0,2.0,0.5,0.25,0.5,2.0,2.0,1.0,1.0,0.5
roselia,400,3,grass,poison,0,0,0,0,1.0,0.5,2.0,1.0,1.0,1.0,1.0,1.0,1.0,2.0,0.5,0.25,0.5,2.0,2.0,1.0,1.0,0.5
roserade,515,4,grass,poison,0,0,0,0,1.0,0.5,2.0,1.0,1.0,1.0,1.0,1.0,1.0,2.0,0.5,0.25,0.5,2.0,2.0,1.0,1.0,0.5
wingull,270,3,water,flying,0,0,0,0,1.0,0.5,1.0,1.0,0.0,2.0,0.5,1.0,0.5,0.5,0.5,1.0,4.0,1.0,1.0,1.0,1.0,1.0
pelipper,440,3,water,flying,0,0,0,0,1.0,0.5,1.0,1.0,0.0,2.0,0.5,1.0,0.5,0.5,0.5,1.0,4.0,1.0,1.0,1.0,1.0,1.0
joltik,319,5,bug,electric,0,0,0,0,1.0,0.5,1.0,1.0,1.0,2.0,1.0,1.0,0.5,2.0,1.0,0.5,0.5,1.0,1.0,1.0,1.0,1.0
galvantula,472,5,bug,electric,0,0,0,0,1.0,0.5,1.0,1.0,1.0,2.0,1.0,1.0,0.5,2.0,1.0,0.5,0.5,1.0,1.0,1.0,1.0,1.0
electrike,295,3,electric,,0,0,0,0,1.0,1.0,0.5,1.0,2.0,1.0,1.0,1.0,0.5,1.0,1.0,1.0,0.5,1.0,1.0,1.0,1.0,1.0
manectric,475,3,electric,,0,0,0,0,1.0,1.0,0.5,1.0,2.0,1.0,1.0,1.0,0.5,1.0,1.0,1.0,0.5,1.0,1.0,1.0,1.0,1.0
vulpix,299,1,fire,,0,0,0,0,1.0,1.0,1.0,1.0,2.0,2.0,0.5,1.0,0.5,0.5,2.0,0.5,1.0,1.0,0.5,1.0,1.0,0.5
ninetales,505,1,fire,,0,0,0,0,1.0,1.0,1.0,1.0,2.0,2.0,0.5,1.0,0.5,0.5,2.0,0.5,1.0,1.0,0.5,1.0,1.0,0.5
growlithe,350,1,fire,,0,0,0,0,1.0,1.0,1.0,1.0,2.0,2.0,0.5,1.0,0.5,0.5,2.0,0.5,1.0,1.0,0.5,1.0,1.0,0.5
arcanine,555,1,fire,,0,0,0,0,1.0,1.0,1.0,1.0,2.0,2.0,0.5,1.0,0.5,0.5,2.0,0.5,1.0,1.0,0.5,1.0,1.0,0.5
vanillite,305,5,ice,,0,0,0,0,1.0,2.0,1.0,1.0,1.0,2.0,1.0,1.0,2.0,2.0,1.0,1.0,1.0,1.0,0.5,1.0,1.0,1.0
vanillish,395,5,ice,,0,0,0,0,1.0,2.0,1.0,1.0,1.0,2.0,1.0,1.0,2.0,2.0,1.0,1.0,1.0,1.0,0.5,1.0,1.0,1.0
vanilluxe,535,5,ice,,0,0,0,0,1.0,2.0,1.0,1.0,1.0,2.0,1.0,1.0,2.0,2.0,1.0,1.0,1.0,1.0,0.5,1.0,1.0,1.0
swinub,250,2,ice,ground,0,0,0,0,1.0,2.0,1.0,0.5,1.0,1.0,1.0,1.0,2.0,2.0,2.0,2.0,0.0,1.0,1.0,1.0,1.0,1.0
piloswine,450,2,ice,ground,0,0,0,0,1.0,2.0,1.0,0.5,1.0,1.0,1.0,1.0,2.0,2.0,2.0,2.0,0.0,1.0,1.0,1.0,1.0,1.0
mamoswine,530,4,ice,ground,0,0,0,0,1.0,2.0,1.0,0.5,1.0,1.0,1.0,1.0,2.0,2.0,2.0,2.0,0.0,1.0,1.0,1.0,1.0,1.0
delibird,330,2,ice,flying,0,0,0,0,1.0,1.0,1.0,1.0,0.0,4.0,0.5,1.0,2.0,2.0,1.0,0.5,2.0,1.0,1.0,1.0,1.0,1.0
snorunt,300,3,ice,,0,0,0,0,1.0,2.0,1.0,1.0,1.0,2.0,1.0,1.0,2.0,2.0,1.0,1.0,1.0,1.0,0.5,1.0,1.0,1.0
glalie,480,3,ice,,0,0,0,0,1.0,2.0,1.0,1.0,1.0,2.0,1.0,1.0,2.0,2.0,1.0,1.0,1.0,1.0,0.5,1.0,1.0,1.0
froslass,480,4,ice,ghost,0,0,0,0,0.0,0.0,1.0,0.5,1.0,2.0,0.5,2.0,2.0,2.0,1.0,1.0,1.0,1.0,0.5,1.0,2.0,1.0
baltoy,300,3,ground,psychic,0,0,0,0,1.0,0.5,1.0,0.5,1.0,0.5,2.0,2.0,1.0,1.0,2.0,2.0,0.0,0.5,2.0,1.0,2.0,1.0
claydol,500,3,ground,psychic,0,0,0,0,1.0,0.5,1.0,0.5,1.0,0.5,2.0,2.0,1.0,1.0,2.0,2.0,0.0,0.5,2.0,1.0,2.0,1.0
mudbray,385,7,ground,,0,0,0,0,1.0,1.0,1.0,0.5,1.0,0.5,1.0,1.0,1.0,1.0,2.0,2.0,0.0,1.0,2.0,1.0,1.0,1.0
mudsdale,500,7,ground,,0,0,0,0,1.0,1.0,1.0,0.5,1.0,0.5,1.0,1.0,1.0,1.0,2.0,2.0,0.0,1.0,2.0,1.0,1.0,1.0
dwebble,325,5,bug,rock,0,0,0,0,0.5,1.0,1.0,0.5,1.0,2.0,1.0,1.0,2.0,1.0,2.0,1.0,1.0,1.0,1.0,1.0,1.0,1.0
crustle,485,5,bug,rock,0,0,0,0,0.5,1.0,1.0,0.5,1.0,2.0,1.0,1.0,2.0,1.0,2.0,1.0,1.0,1.0,1.0,1.0,1.0,1.0
golett,303,5,ground,ghost,0,0,0,0,0.0,0.0,1.0,0.25,1.0,0.5,0.5,2.0,1.0,1.0,2.0,2.0,0.0,1.0,2.0,1.0,2.0,1.0
golurk,483,5,ground,ghost,0,0,0,0,0.0,0.0,1.0,0.25,1.0,0.5,0.5,2.0,1.0,1.0,2.0,2.0,0.0,1.0,2.0,1.0,2.0,1.0
munna,292,5,psychic,,0,0,0,0,1.0,0.5,1.0,1.0,1.0,1.0,2.0,2.0,1.0,1.0,1.0,1.0,1.0,0.5,1.0,1.0,2.0,1.0
musharna,487,5,psychic,,0,0,0,0,1.0,0.5,1.0,1.0,1.0,1.0,2.0,2.0,1.0,1.0,1.0,1.0,1.0,0.5,1.0,1.0,2.0,1.0
natu,320,2,psychic,flying,0,0,0,0,1.0,0.25,1.0,1.0,0.0,2.0,1.0,2.0,1.0,1.0,1.0,0.5,2.0,0.5,2.0,1.0,2.0,1.0
xatu,470,2,psychic,flying,0,0,0,0,1.0,0.25,1.0,1.0,0.0,2.0,1.0,2.0,1.0,1.0,1.0,0.5,2.0,0.5,2.0,1.0,2.0,1.0
stufful,340,7,normal,fighting,0,0,0,0,1.0,2.0,2.0,1.0,1.0,0.5,0.5,0.0,1.0,1.0,1.0,1.0,1.0,2.0,1.0,1.0,0.5,2.0
bewear,500,7,normal,fighting,0,0,0,0,1.0,2.0,2.0,1.0,1.0,0.5,0.5,0.0,1.0,1.0,1.0,1.0,1.0,2.0,1.0,1.0,0.5,2.0
snover,334,4,grass,ice,0,0,0,0,1.0,2.0,2.0,2.0,0.5,2.0,2.0,1.0,2.0,4.0,0.5,0.5,0.5,1.0,1.0,1.0,1.0,1.0
abomasnow,494,4,grass,ice,0,0,0,0,1.0,2.0,2.0,2.0,0.5,2.0,2.0,1.0,2.0,4.0,0.5,0.5,0.5,1.0,1.0,1.0,1.0,1.0
krabby,325,1,water,,0,0,0,0,1.0,1.0,1.0,1.0,1.0,1.0,1.0,1.0,0.5,0.5,0.5,2.0,2.0,1.0,0.5,1.0,1.0,1.0
kingler,475,1,water,,0,0,0,0,1.0,1.0,1.0,1.0,1.0,1.0,1.0,1.0,0.5,0.5,0.5,2.0,2.0,1.0,0.5,1.0,1.0,1.0
wooper,210,2,water,ground,0,0,0,0,1.0,1.0,1.0,0.5,1.0,0.5,1.0,1.0,0.5,0.5,1.0,4.0,0.0,1.0,1.0,1.0,1.0,1.0
quagsire,430,2,water,ground,0,0,0,0,1.0,1.0,1.0,0.5,1.0,0.5,1.0,1.0,0.5,0.5,1.0,4.0,0.0,1.0,1.0,1.0,1.0,1.0
corphish,308,3,water,,0,0,0,0,1.0,1.0,1.0,1.0,1.0,1.0,1.0,1.0,0.5,0.5,0.5,2.0,2.0,1.0,0.5,1.0,1.0,1.0
crawdaunt,468,3,water,dark,0,0,0,0,1.0,2.0,1.0,1.0,1.0,1.0,2.0,0.5,0.5,0.5,0.5,2.0,2.0,0.0,0.5,1.0,0.5,2.0
nincada,266,3,bug,ground,0,0,0,0,1.0,0.5,2.0,0.5,0.5,1.0,1.0,1.0,1.0,2.0,2.0,1.0,0.0,1.0,2.0,1.0,1.0,1.0
ninjask,456,3,bug,flying,0,0,0,0,1.0,0.25,2.0,1.0,0.0,4.0,0.5,1.0,1.0,2.0,1.0,0.25,2.0,1.0,2.0,1.0,1.0,1.0
shedinja,236,3,bug,ghost,0,0,0,0,0.0,0.0,2.0,0.5,0.5,2.0,0.5,2.0,1.0,2.0,1.0,0.5,1.0,1.0,1.0,1.0,2.0,1.0
tyrogue,210,2,fighting,,0,0,0,0,1.0,1.0,2.0,1.0,1.0,0.5,0.5,1.0,1.0,1.0,1.0,1.0,1.0,2.0,1.0,1.0,0.5,2.0
hitmonlee,455,1,fighting,,0,0,0,0,1.0,1.0,2.0,1.0,1.0,0.5,0.5,1.0,1.0,1.0,1.0,1.0,1.0,2.0,1.0,1.0,0.5,2.0
hitmonchan,455,1,fighting,,0,0,0,0,1.0,1.0,2.0,1.0,1.0,0.5,0.5,1.0,1.0,1.0,1.0,1.0,1.0,2.0,1.0,1.0,0.5,2.0
hitmontop,455,2,fighting,,0,0,0,0,1.0,1.0,2.0,1.0,1.0,0.5,0.5,1.0,1.0,1.0,1.0,1.0,1.0,2.0,1.0,1.0,0.5,2.0
pancham,348,6,fighting,,0,0,0,0,1.0,1.0,2.0,1.0,1.0,0.5,0.5,1.0,1.0,1.0,1.0,1.0,1.0,2.0,1.0,1.0,0.5,2.0
pangoro,495,6,fighting,dark,0,0,0,0,1.0,2.0,2.0,1.0,1.0,0.5,1.0,0.5,1.0,1.0,1.0,1.0,1.0,0.0,1.0,1.0,0.25,4.0
klink,300,5,steel,,0,0,0,0,0.5,2.0,0.5,0.0,2.0,0.5,0.5,1.0,0.5,2.0,1.0,0.5,1.0,0.5,0.5,0.5,1.0,0.5
klang,440,5,steel,,0,0,0,0,0.5,2.0,0.5,0.0,2.0,0.5,0.5,1.0,0.5,2.0,1.0,0.5,1.0,0.5,0.5,0.5,1.0,0.5
klinklang,520,5,steel,,0,0,0,0,0.5,2.0,0.5,0.0,2.0,0.5,0.5,1.0,0.5,2.0,1.0,0.5,1.0,0.5,0.5,0.5,1.0,0.5
combee,244,4,bug,flying,0,0,0,0,1.0,0.25,2.0,1.0,0.0,4.0,0.5,1.0,1.0,2.0,1.0,0.25,2.0,1.0,2.0,1.0,1.0,1.0
vespiquen,474,4,bug,flying,0,0,0,0,1.0,0.25,2.0,1.0,0.0,4.0,0.5,1.0,1.0,2.0,1.0,0.25,2.0,1.0,2.0,1.0,1.0,1.0
bronzor,300,4,steel,psychic,0,0,0,0,0.5,1.0,0.5,0.0,2.0,0.5,1.0,2.0,0.5,2.0,1.0,0.5,1.0,0.25,0.5,0.5,2.0,0.5
bronzong,500,4,steel,psychic,0,0,0,0,0.5,1.0,0.5,0.0,2.0,0.5,1.0,2.0,0.5,2.0,1.0,0.5,1.0,0.25,0.5,0.5,2.0,0.5
ralts,198,3,psychic,fairy,0,0,0,0,1.0,0.25,1.0,2.0,1.0,1.0,1.0,2.0,2.0,1.0,1.0,1.0,1.0,0.5,1.0,0.0,1.0,1.0
kirlia,278,3,psychic,fairy,0,0,0,0,1.0,0.25,1.0,2.0,1.0,1.0,1.0,2.0,2.0,1.0,1.0,1.0,1.0,0.5,1.0,0.0,1.0,1.0
gardevoir,518,3,psychic,fairy,0,0,0,0,1.0,0.25,1.0,2.0,1.0,1.0,1.0,2.0,2.0,1.0,1.0,1.0,1.0,0.5,1.0,0.0,1.0,1.0
gallade,518,4,psychic,fighting,0,0,0,0,1.0,0.5,2.0,1.0,1.0,0.5,1.0,2.0,1.0,1.0,1.0,1.0,1.0,1.0,1.0,1.0,1.0,2.0
drifloon,348,4,ghost,flying,0,0,0,0,0.0,0.0,1.0,0.5,0.0,2.0,0.25,2.0,1.0,1.0,1.0,0.5,2.0,1.0,2.0,1.0,2.0,1.0
drifblim,498,4,ghost,flying,0,0,0,0,0.0,0.0,1.0,0.5,0.0,2.0,0.25,2.0,1.0,1.0,1.0,0.5,2.0,1.0,2.0,1.0,2.0,1.0
gossifleur,250,8,grass,,0,0,0,0,1.0,1.0,2.0,2.0,0.5,1.0,2.0,1.0,1.0,2.0,0.5,0.5,0.5,1.0,2.0,1.0,1.0,1.0
eldegoss,460,8,grass,,0,0,0,0,1.0,1.0,2.0,2.0,0.5,1.0,2.0,1.0,1.0,2.0,0.5,0.5,0.5,1.0,2.0,1.0,1.0,1.0
cherubi,275,4,grass,,0,0,0,0,1.0,1.0,2.0,2.0,0.5,1.0,2.0,1.0,1.0,2.0,0.5,0.5,0.5,1.0,2.0,1.0,1.0,1.0
cherrim,450,4,grass,,0,0,0,0,1.0,1.0,2.0,2.0,0.5,1.0,2.0,1.0,1.0,2.0,0.5,0.5,0.5,1.0,2.0,1.0,1.0,1.0
stunky,329,4,poison,dark,0,0,0,0,1.0,1.0,1.0,0.5,2.0,1.0,1.0,0.5,1.0,1.0,1.0,0.5,1.0,0.0,1.0,1.0,0.5,1.0
skuntank,479,4,poison,dark,0,0,0,0,1.0,1.0,1.0,0.5,2.0,1.0,1.0,0.5,1.0,1.0,1.0,0.5,1.0,0.0,1.0,1.0,0.5,1.0
tympole,294,5,water,,0,0,0,0,1.0,1.0,1.0,1.0,1.0,1.0,1.0,1.0,0.5,0.5,0.5,2.0,2.0,1.0,0.5,1.0,1.0,1.0
palpitoad,384,5,water,ground,0,0,0,0,1.0,1.0,1.0,0.5,1.0,0.5,1.0,1.0,0.5,0.5,1.0,4.0,0.0,1.0,1.0,1.0,1.0,1.0
seismitoad,509,5,water,ground,0,0,0,0,1.0,1.0,1.0,0.5,1.0,0.5,1.0,1.0,0.5,0.5,1.0,4.0,0.0,1.0,1.0,1.0,1.0,1.0
duskull,295,3,ghost,,0,0,0,0,0.0,0.0,1.0,0.5,1.0,1.0,0.5,2.0,1.0,1.0,1.0,1.0,1.0,1.0,1.0,1.0,2.0,1.0
dusclops,455,3,ghost,,0,0,0,0,0.0,0.0,1.0,0.5,1.0,1.0,0.5,2.0,1.0,1.0,1.0,1.0,1.0,1.0,1.0,1.0,2.0,1.0
dusknoir,525,4,ghost,,0,0,0,0,0.0,0.0,1.0,0.5,1.0,1.0,0.5,2.0,1.0,1.0,1.0,1.0,1.0,1.0,1.0,1.0,2.0,1.0
machop,305,1,fighting,,0,0,0,0,1.0,1.0,2.0,1.0,1.0,0.5,0.5,1.0,1.0,1.0,1.0,1.0,1.0,2.0,1.0,1.0,0.5,2.0
machoke,405,1,fighting,,0,0,0,0,1.0,1.0,2.0,1.0,1.0,0.5,0.5,1.0,1.0,1.0,1.0,1.0,1.0,2.0,1.0,1.0,0.5,2.0
machamp,505,1,fighting,,0,0,0,0,1.0,1.0,2.0,1.0,1.0,0.5,0.5,1.0,1.0,1.0,1.0,1.0,1.0,2.0,1.0,1.0,0.5,2.0
gastly,310,1,ghost,poison,0,0,0,0,0.0,0.0,1.0,0.25,2.0,1.0,0.25,2.0,1.0,1.0,1.0,0.5,1.0,2.0,1.0,1.0,2.0,0.5
haunter,405,1,ghost,poison,0,0,0,0,0.0,0.0,1.0,0.25,2.0,1.0,0.25,2.0,1.0,1.0,1.0,0.5,1.0,2.0,1.0,1.0,2.0,0.5
gengar,500,1,ghost,poison,0,0,0,0,0.0,0.0,1.0,0.25,2.0,1.0,0.25,2.0,1.0,1.0,1.0,0.5,1.0,2.0,1.0,1.0,2.0,0.5
magikarp,200,1,water,,0,0,0,0,1.0,1.0,1.0,1.0,1.0,1.0,1.0,1.0,0.5,0.5,0.5,2.0,2.0,1.0,0.5,1.0,1.0,1.0
gyarados,540,1,water,flying,0,0,0,0,1.0,0.5,1.0,1.0,0.0,2.0,0.5,1.0,0.5,0.5,0.5,1.0,4.0,1.0,1.0,1.0,1.0,1.0
goldeen,320,1,water,,0,0,0,0,1.0,1.0,1.0,1.0,1.0,1.0,1.0,1.0,0.5,0.5,0.5,2.0,2.0,1.0,0.5,1.0,1.0,1.0
seaking,450,1,water,,0,0,0,0,1.0,1.0,1.0,1.0,1.0,1.0,1.0,1.0,0.5,0.5,0.5,2.0,2.0,1.0,0.5,1.0,1.0,1.0
remoraid,300,2,water,,0,0,0,0,1.0,1.0,1.0,1.0,1.0,1.0,1.0,1.0,0.5,0.5,0.5,2.0,2.0,1.0,0.5,1.0,1.0,1.0
octillery,480,2,water,,0,0,0,0,1.0,1.0,1.0,1.0,1.0,1.0,1.0,1.0,0.5,0.5,0.5,2.0,2.0,1.0,0.5,1.0,1.0,1.0
shellder,305,1,water,,0,0,0,0,1.0,1.0,1.0,1.0,1.0,1.0,1.0,1.0,0.5,0.5,0.5,2.0,2.0,1.0,0.5,1.0,1.0,1.0
cloyster,525,1,water,ice,0,0,0,0,1.0,2.0,1.0,1.0,1.0,2.0,1.0,1.0,1.0,1.0,0.5,2.0,2.0,1.0,0.25,1.0,1.0,1.0
feebas,200,3,water,,0,0,0,0,1.0,1.0,1.0,1.0,1.0,1.0,1.0,1.0,0.5,0.5,0.5,2.0,2.0,1.0,0.5,1.0,1.0,1.0
milotic,540,3,water,,0,0,0,0,1.0,1.0,1.0,1.0,1.0,1.0,1.0,1.0,0.5,0.5,0.5,2.0,2.0,1.0,0.5,1.0,1.0,1.0
basculin,460,5,water,,0,0,0,0,1.0,1.0,1.0,1.0,1.0,1.0,1.0,1.0,0.5,0.5,0.5,2.0,2.0,1.0,0.5,1.0,1.0,1.0
wishiwashi,175,7,water,,0,0,0,0,1.0,1.0,1.0,1.0,1.0,1.0,1.0,1.0,0.5,0.5,0.5,2.0,2.0,1.0,0.5,1.0,1.0,1.0
pyukumuku,410,7,water,,0,0,0,0,1.0,1.0,1.0,1.0,1.0,1.0,1.0,1.0,0.5,0.5,0.5,2.0,2.0,1.0,0.5,1.0,1.0,1.0
trubbish,329,5,poison,,0,0,0,0,1.0,0.5,1.0,0.5,2.0,1.0,0.5,1.0,1.0,1.0,1.0,0.5,1.0,2.0,1.0,1.0,1.0,0.5
garbodor,474,5,poison,,0,0,0,0,1.0,0.5,1.0,0.5,2.0,1.0,0.5,1.0,1.0,1.0,1.0,0.5,1.0,2.0,1.0,1.0,1.0,0.5
sizzlipede,305,8,fire,bug,0,0,0,0,1.0,0.5,2.0,1.0,1.0,4.0,0.5,1.0,0.5,1.0,2.0,0.25,1.0,1.0,0.5,1.0,1.0,0.5
centiskorch,525,8,fire,bug,0,0,0,0,1.0,0.5,2.0,1.0,1.0,4.0,0.5,1.0,0.5,1.0,2.0,0.25,1.0,1.0,0.5,1.0,1.0,0.5
rolycoly,240,8,rock,,0,0,0,0,0.5,2.0,0.5,0.5,2.0,1.0,1.0,1.0,2.0,0.5,2.0,2.0,1.0,1.0,1.0,1.0,1.0,1.0
carkol,410,8,rock,fire,0,0,0,0,0.5,2.0,0.5,0.5,4.0,2.0,0.5,1.0,1.0,0.25,4.0,1.0,1.0,1.0,0.5,1.0,1.0,0.5
coalossal,510,8,rock,fire,0,0,0,0,0.5,2.0,0.5,0.5,4.0,2.0,0.5,1.0,1.0,0.25,4.0,1.0,1.0,1.0,0.5,1.0,1.0,0.5
diglett,265,1,ground,,0,0,0,0,1.0,1.0,1.0,0.5,1.0,0.5,1.0,1.0,1.0,1.0,2.0,2.0,0.0,1.0,2.0,1.0,1.0,1.0
dugtrio,425,1,ground,,0,0,0,0,1.0,1.0,1.0,0.5,1.0,0.5,1.0,1.0,1.0,1.0,2.0,2.0,0.0,1.0,2.0,1.0,1.0,1.0
drilbur,328,5,ground,,0,0,0,0,1.0,1.0,1.0,0.5,1.0,0.5,1.0,1.0,1.0,1.0,2.0,2.0,0.0,1.0,2.0,1.0,1.0,1.0
excadrill,508,5,ground,steel,0,0,0,0,0.5,2.0,0.5,0.0,2.0,0.25,0.5,1.0,0.5,2.0,2.0,1.0,0.0,0.5,1.0,0.5,1.0,0.5
roggenrola,280,5,rock,,0,0,0,0,0.5,2.0,0.5,0.5,2.0,1.0,1.0,1.0,2.0,0.5,2.0,2.0,1.0,1.0,1.0,1.0,1.0,1.0
boldore,390,5,rock,,0,0,0,0,0.5,2.0,0.5,0.5,2.0,1.0,1.0,1.0,2.0,0.5,2.0,2.0,1.0,1.0,1.0,1.0,1.0,1.0
gigalith,515,5,rock,,0,0,0,0,0.5,2.0,0.5,0.5,2.0,1.0,1.0,1.0,2.0,0.5,2.0,2.0,1.0,1.0,1.0,1.0,1.0,1.0
timburr,305,5,fighting,,0,0,0,0,1.0,1.0,2.0,1.0,1.0,0.5,0.5,1.0,1.0,1.0,1.0,1.0,1.0,2.0,1.0,1.0,0.5,2.0
gurdurr,405,5,fighting,,0,0,0,0,1.0,1.0,2.0,1.0,1.0,0.5,0.5,1.0,1.0,1.0,1.0,1.0,1.0,2.0,1.0,1.0,0.5,2.0
conkeldurr,505,5,fighting,,0,0,0,0,1.0,1.0,2.0,1.0,1.0,0.5,0.5,1.0,1.0,1.0,1.0,1.0,1.0,2.0,1.0,1.0,0.5,2.0
woobat,323,5,psychic,flying,0,0,0,0,1.0,0.25,1.0,1.0,0.0,2.0,1.0,2.0,1.0,1.0,1.0,0.5,2.0,0.5,2.0,1.0,2.0,1.0
swoobat,425,5,psychic,flying,0,0,0,0,1.0,0.25,1.0,1.0,0.0,2.0,1.0,2.0,1.0,1.0,1.0,0.5,2.0,0.5,2.0,1.0,2.0,1.0
noibat,245,6,flying,dragon,0,0,0,0,1.0,0.5,1.0,1.0,0.0,2.0,0.5,1.0,1.0,0.5,0.5,0.25,1.0,1.0,4.0,2.0,1.0,2.0
noivern,535,6,flying,dragon,0,0,0,0,1.0,0.5,1.0,1.0,0.0,2.0,0.5,1.0,1.0,0.5,0.5,0.25,1.0,1.0,4.0,2.0,1.0,2.0
onix,385,1,rock,ground,0,0,0,0,0.5,2.0,0.5,0.25,2.0,0.5,1.0,1.0,2.0,0.5,4.0,4.0,0.0,1.0,2.0,1.0,1.0,1.0
steelix,510,2,steel,ground,0,0,0,0,0.5,2.0,0.5,0.0,2.0,0.25,0.5,1.0,0.5,2.0,2.0,1.0,0.0,0.5,1.0,0.5,1.0,0.5
arrokuda,280,8,water,,0,0,0,0,1.0,1.0,1.0,1.0,1.0,1.0,1.0,1.0,0.5,0.5,0.5,2.0,2.0,1.0,0.5,1.0,1.0,1.0
barraskewda,490,8,water,,0,0,0,0,1.0,1.0,1.0,1.0,1.0,1.0,1.0,1.0,0.5,0.5,0.5,2.0,2.0,1.0,0.5,1.0,1.0,1.0
meowth,290,1,steel,,0,0,0,0,0.5,2.0,0.5,0.0,2.0,0.5,0.5,1.0,0.5,2.0,1.0,0.5,1.0,0.5,0.5,0.5,1.0,0.5
perrserker,440,8,steel,,0,0,0,0,0.5,2.0,0.5,0.0,2.0,0.5,0.5,1.0,0.5,2.0,1.0,0.5,1.0,0.5,0.5,0.5,1.0,0.5
persian,440,1,normal,,0,0,0,0,1.0,2.0,1.0,1.0,1.0,1.0,1.0,0.0,1.0,1.0,1.0,1.0,1.0,1.0,1.0,1.0,1.0,1.0
milcery,270,8,fairy,,0,0,0,0,1.0,0.5,1.0,2.0,1.0,1.0,0.5,1.0,2.0,1.0,1.0,1.0,1.0,1.0,1.0,0.0,0.5,1.0
alcremie,495,8,fairy,,0,0,0,0,1.0,0.5,1.0,2.0,1.0,1.0,0.5,1.0,2.0,1.0,1.0,1.0,1.0,1.0,1.0,0.0,0.5,1.0
cutiefly,304,7,bug,fairy,0,0,0,0,1.0,0.25,2.0,2.0,0.5,2.0,0.5,1.0,2.0,2.0,1.0,0.5,1.0,1.0,1.0,0.0,0.5,1.0
ribombee,464,7,bug,fairy,0,0,0,0,1.0,0.25,2.0,2.0,0.5,2.0,0.5,1.0,2.0,2.0,1.0,0.5,1.0,1.0,1.0,0.0,0.5,1.0
ferroseed,305,5,grass,steel,0,0,0,0,0.5,2.0,1.0,0.0,1.0,0.5,1.0,1.0,0.5,4.0,0.5,0.25,0.5,0.5,1.0,0.5,1.0,0.5
ferrothorn,489,5,grass,steel,0,0,0,0,0.5,2.0,1.0,0.0,1.0,0.5,1.0,1.0,0.5,4.0,0.5,0.25,0.5,0.5,1.0,0.5,1.0,0.5
pumpkaboo,335,6,ghost,grass,0,0,0,0,0.0,0.0,2.0,1.0,0.5,1.0,1.0,2.0,1.0,2.0,0.5,0.5,0.5,1.0,2.0,1.0,2.0,1.0
gourgeist,494,6,ghost,grass,0,0,0,0,0.0,0.0,2.0,1.0,0.5,1.0,1.0,2.0,1.0,2.0,0.5,0.5,0.5,1.0,2.0,1.0,2.0,1.0
pichu,205,2,electric,,0,0,0,0,1.0,1.0,0.5,1.0,2.0,1.0,1.0,1.0,0.5,1.0,1.0,1.0,0.5,1.0,1.0,1.0,1.0,1.0
pikachu,320,1,electric,,0,0,0,0,1.0,1.0,0.5,1.0,2.0,1.0,1.0,1.0,0.5,1.0,1.0,1.0,0.5,1.0,1.0,1.0,1.0,1.0
raichu,485,1,electric,,0,0,0,0,1.0,1.0,0.5,1.0,2.0,1.0,1.0,1.0,0.5,1.0,1.0,1.0,0.5,1.0,1.0,1.0,1.0,1.0
eevee,325,1,normal,,0,0,0,0,1.0,2.0,1.0,1.0,1.0,1.0,1.0,0.0,1.0,1.0,1.0,1.0,1.0,1.0,1.0,1.0,1.0,1.0
vaporeon,525,1,water,,0,0,0,0,1.0,1.0,1.0,1.0,1.0,1.0,1.0,1.0,0.5,0.5,0.5,2.0,2.0,1.0,0.5,1.0,1.0,1.0
jolteon,525,1,electric,,0,0,0,0,1.0,1.0,0.5,1.0,2.0,1.0,1.0,1.0,0.5,1.0,1.0,1.0,0.5,1.0,1.0,1.0,1.0,1.0
flareon,525,1,fire,,0,0,0,0,1.0,1.0,1.0,1.0,2.0,2.0,0.5,1.0,0.5,0.5,2.0,0.5,1.0,1.0,0.5,1.0,1.0,0.5
espeon,525,2,psychic,,0,0,0,0,1.0,0.5,1.0,1.0,1.0,1.0,2.0,2.0,1.0,1.0,1.0,1.0,1.0,0.5,1.0,1.0,2.0,1.0
umbreon,525,2,dark,,0,0,0,0,1.0,2.0,1.0,1.0,1.0,1.0,2.0,0.5,1.0,1.0,1.0,1.0,1.0,0.0,1.0,1.0,0.5,2.0
leafeon,525,4,grass,,0,0,0,0,1.0,1.0,2.0,2.0,0.5,1.0,2.0,1.0,1.0,2.0,0.5,0.5,0.5,1.0,2.0,1.0,1.0,1.0
glaceon,525,4,ice,,0,0,0,0,1.0,2.0,1.0,1.0,1.0,2.0,1.0,1.0,2.0,2.0,1.0,1.0,1.0,1.0,0.5,1.0,1.0,1.0
sylveon,525,6,fairy,,0,0,0,0,1.0,0.5,1.0,2.0,1.0,1.0,0.5,1.0,2.0,1.0,1.0,1.0,1.0,1.0,1.0,0.0,0.5,1.0
applin,260,8,grass,dragon,0,0,0,0,1.0,1.0,2.0,2.0,0.5,1.0,2.0,1.0,1.0,1.0,0.25,0.25,0.25,1.0,4.0,2.0,1.0,2.0
flapple,485,8,grass,dragon,0,0,0,0,1.0,1.0,2.0,2.0,0.5,1.0,2.0,1.0,1.0,1.0,0.25,0.25,0.25,1.0,4.0,2.0,1.0,2.0
appletun,485,8,grass,dragon,0,0,0,0,1.0,1.0,2.0,2.0,0.5,1.0,2.0,1.0,1.0,1.0,0.25,0.25,0.25,1.0,4.0,2.0,1.0,2.0
espurr,355,6,psychic,,0,0,0,0,1.0,0.5,1.0,1.0,1.0,1.0,2.0,2.0,1.0,1.0,1.0,1.0,1.0,0.5,1.0,1.0,2.0,1.0
meowstic,466,6,psychic,,0,0,0,0,1.0,0.5,1.0,1.0,1.0,1.0,2.0,2.0,1.0,1.0,1.0,1.0,1.0,0.5,1.0,1.0,2.0,1.0
swirlix,341,6,fairy,,0,0,0,0,1.0,0.5,1.0,2.0,1.0,1.0,0.5,1.0,2.0,1.0,1.0,1.0,1.0,1.0,1.0,0.0,0.5,1.0
slurpuff,480,6,fairy,,0,0,0,0,1.0,0.5,1.0,2.0,1.0,1.0,0.5,1.0,2.0,1.0,1.0,1.0,1.0,1.0,1.0,0.0,0.5,1.0
spritzee,341,6,fairy,,0,0,0,0,1.0,0.5,1.0,2.0,1.0,1.0,0.5,1.0,2.0,1.0,1.0,1.0,1.0,1.0,1.0,0.0,0.5,1.0
aromatisse,462,6,fairy,,0,0,0,0,1.0,0.5,1.0,2.0,1.0,1.0,0.5,1.0,2.0,1.0,1.0,1.0,1.0,1.0,1.0,0.0,0.5,1.0
dewpider,269,7,water,bug,0,0,0,0,1.0,0.5,2.0,1.0,0.5,2.0,1.0,1.0,0.5,1.0,0.5,1.0,2.0,1.0,0.5,1.0,1.0,1.0
araquanid,454,7,water,bug,0,0,0,0,1.0,0.5,2.0,1.0,0.5,2.0,1.0,1.0,0.5,1.0,0.5,1.0,2.0,1.0,0.5,1.0,1.0,1.0
wynaut,260,3,psychic,,0,0,0,0,1.0,0.5,1.0,1.0,1.0,1.0,2.0,2.0,1.0,1.0,1.0,1.0,1.0,0.5,1.0,1.0,2.0,1.0
wobbuffet,405,2,psychic,,0,0,0,0,1.0,0.5,1.0,1.0,1.0,1.0,2.0,2.0,1.0,1.0,1.0,1.0,1.0,0.5,1.0,1.0,2.0,1.0
farfetch'd,377,1,fighting,,0,0,0,0,1.0,1.0,2.0,1.0,1.0,0.5,0.5,1.0,1.0,1.0,1.0,1.0,1.0,2.0,1.0,1.0,0.5,2.0
sirfetch'd,507,8,fighting,,0,0,0,0,1.0,1.0,2.0,1.0,1.0,0.5,0.5,1.0,1.0,1.0,1.0,1.0,1.0,2.0,1.0,1.0,0.5,2.0
chinchou,330,2,water,electric,0,0,0,0,1.0,1.0,0.5,1.0,2.0,1.0,1.0,1.0,0.25,0.5,0.5,2.0,1.0,1.0,0.5,1.0,1.0,1.0
lanturn,460,2,water,electric,0,0,0,0,1.0,1.0,0.5,1.0,2.0,1.0,1.0,1.0,0.25,0.5,0.5,2.0,1.0,1.0,0.5,1.0,1.0,1.0
croagunk,300,4,poison,fighting,0,0,0,0,1.0,0.5,2.0,0.5,2.0,0.5,0.25,1.0,1.0,1.0,1.0,0.5,1.0,4.0,1.0,1.0,0.5,1.0
toxicroak,490,4,poison,fighting,0,0,0,0,1.0,0.5,2.0,0.5,2.0,0.5,0.25,1.0,1.0,1.0,1.0,0.5,1.0,4.0,1.0,1.0,0.5,1.0
scraggy,348,5,dark,fighting,0,0,0,0,1.0,2.0,2.0,1.0,1.0,0.5,1.0,0.5,1.0,1.0,1.0,1.0,1.0,0.0,1.0,1.0,0.25,4.0
scrafty,488,5,dark,fighting,0,0,0,0,1.0,2.0,2.0,1.0,1.0,0.5,1.0,0.5,1.0,1.0,1.0,1.0,1.0,0.0,1.0,1.0,0.25,4.0
stunfisk,471,5,ground,steel,0,0,0,0,0.5,2.0,0.5,0.0,2.0,0.25,0.5,1.0,0.5,2.0,2.0,1.0,0.0,0.5,1.0,0.5,1.0,0.5
shuckle,505,2,bug,rock,0,0,0,0,0.5,1.0,1.0,0.5,1.0,2.0,1.0,1.0,2.0,1.0,2.0,1.0,1.0,1.0,1.0,1.0,1.0,1.0
barboach,288,3,water,ground,0,0,0,0,1.0,1.0,1.0,0.5,1.0,0.5,1.0,1.0,0.5,0.5,1.0,4.0,0.0,1.0,1.0,1.0,1.0,1.0
whiscash,468,3,water,ground,0,0,0,0,1.0,1.0,1.0,0.5,1.0,0.5,1.0,1.0,0.5,0.5,1.0,4.0,0.0,1.0,1.0,1.0,1.0,1.0
shellos,325,4,water,,0,0,0,0,1.0,1.0,1.0,1.0,1.0,1.0,1.0,1.0,0.5,0.5,0.5,2.0,2.0,1.0,0.5,1.0,1.0,1.0
gastrodon,475,4,water,ground,0,0,0,0,1.0,1.0,1.0,0.5,1.0,0.5,1.0,1.0,0.5,0.5,1.0,4.0,0.0,1.0,1.0,1.0,1.0,1.0
wimpod,230,7,bug,water,0,0,0,0,1.0,0.5,2.0,1.0,0.5,2.0,1.0,1.0,0.5,1.0,0.5,1.0,2.0,1.0,0.5,1.0,1.0,1.0
golisopod,530,7,bug,water,0,0,0,0,1.0,0.5,2.0,1.0,0.5,2.0,1.0,1.0,0.5,1.0,0.5,1.0,2.0,1.0,0.5,1.0,1.0,1.0
binacle,306,6,rock,water,0,0,0,0,0.5,2.0,0.5,0.5,2.0,1.0,1.0,1.0,1.0,0.25,1.0,4.0,2.0,1.0,0.5,1.0,1.0,1.0
barbaracle,500,6,rock,water,0,0,0,0,0.5,2.0,0.5,0.5,2.0,1.0,1.0,1.0,1.0,0.25,1.0,4.0,2.0,1.0,0.5,1.0,1.0,1.0
corsola,410,2,ghost,,0,0,0,0,0.0,0.0,1.0,0.5,1.0,1.0,0.5,2.0,1.0,1.0,1.0,1.0,1.0,1.0,1.0,1.0,2.0,1.0
cursola,510,8,ghost,,0,0,0,0,0.0,0.0,1.0,0.5,1.0,1.0,0.5,2.0,1.0,1.0,1.0,1.0,1.0,1.0,1.0,1.0,2.0,1.0
impidimp,265,8,dark,fairy,0,0,0,0,1.0,1.0,1.0,2.0,1.0,1.0,1.0,0.5,2.0,1.0,1.0,1.0,1.0,0.0,1.0,0.0,0.25,2.0
morgrem,370,8,dark,fairy,0,0,0,0,1.0,1.0,1.0,2.0,1.0,1.0,1.0,0.5,2.0,1.0,1.0,1.0,1.0,0.0,1.0,0.0,0.25,2.0
grimmsnarl,510,8,dark,fairy,0,0,0,0,1.0,1.0,1.0,2.0,1.0,1.0,1.0,0.5,2.0,1.0,1.0,1.0,1.0,0.0,1.0,0.0,0.25,2.0
hatenna,265,8,psychic,,0,0,0,0,1.0,0.5,1.0,1.0,1.0,1.0,2.0,2.0,1.0,1.0,1.0,1.0,1.0,0.5,1.0,1.0,2.0,1.0
hattrem,370,8,psychic,,0,0,0,0,1.0,0.5,1.0,1.0,1.0,1.0,2.0,2.0,1.0,1.0,1.0,1.0,1.0,0.5,1.0,1.0,2.0,1.0
hatterene,510,8,psychic,fairy,0,0,0,0,1.0,0.25,1.0,2.0,1.0,1.0,1.0,2.0,2.0,1.0,1.0,1.0,1.0,0.5,1.0,0.0,1.0,1.0
salandit,320,7,poison,fire,0,0,0,0,1.0,0.5,1.0,0.5,4.0,2.0,0.25,1.0,0.5,0.5,2.0,0.25,1.0,2.0,0.5,1.0,1.0,0.25
salazzle,480,7,poison,fire,0,0,0,0,1.0,0.5,1.0,0.5,4.0,2.0,0.25,1.0,0.5,0.5,2.0,0.25,1.0,2.0,0.5,1.0,1.0,0.25
pawniard,340,5,dark,steel,0,0,0,0,0.5,4.0,0.5,0.0,2.0,0.5,1.0,0.5,0.5,2.0,1.0,0.5,1.0,0.0,0.5,0.5,0.5,1.0
bisharp,490,5,dark,steel,0,0,0,0,0.5,4.0,0.5,0.0,2.0,0.5,1.0,0.5,0.5,2.0,1.0,0.5,1.0,0.0,0.5,0.5,0.5,1.0
throh,465,5,fighting,,0,0,0,0,1.0,1.0,2.0,1.0,1.0,0.5,0.5,1.0,1.0,1.0,1.0,1.0,1.0,2.0,1.0,1.0,0.5,2.0
sawk,465,5,fighting,,0,0,0,0,1.0,1.0,2.0,1.0,1.0,0.5,0.5,1.0,1.0,1.0,1.0,1.0,1.0,2.0,1.0,1.0,0.5,2.0
koffing,340,1,poison,,0,0,0,0,1.0,0.5,1.0,0.5,2.0,1.0,0.5,1.0,1.0,1.0,1.0,0.5,1.0,2.0,1.0,1.0,1.0,0.5
weezing,490,1,poison,fairy,0,0,0,0,1.0,0.25,1.0,1.0,2.0,1.0,0.25,1.0,2.0,1.0,1.0,0.5,1.0,2.0,1.0,0.0,0.5,0.5
bonsly,290,4,rock,,0,0,0,0,0.5,2.0,0.5,0.5,2.0,1.0,1.0,1.0,2.0,0.5,2.0,2.0,1.0,1.0,1.0,1.0,1.0,1.0
sudowoodo,410,2,rock,,0,0,0,0,0.5,2.0,0.5,0.5,2.0,1.0,1.0,1.0,2.0,0.5,2.0,2.0,1.0,1.0,1.0,1.0,1.0,1.0
cleffa,218,2,fairy,,0,0,0,0,1.0,0.5,1.0,2.0,1.0,1.0,0.5,1.0,2.0,1.0,1.0,1.0,1.0,1.0,1.0,0.0,0.5,1.0
clefairy,323,1,fairy,,0,0,0,0,1.0,0.5,1.0,2.0,1.0,1.0,0.5,1.0,2.0,1.0,1.0,1.0,1.0,1.0,1.0,0.0,0.5,1.0
clefable,483,1,fairy,,0,0,0,0,1.0,0.5,1.0,2.0,1.0,1.0,0.5,1.0,2.0,1.0,1.0,1.0,1.0,1.0,1.0,0.0,0.5,1.0
togepi,245,2,fairy,,0,0,0,0,1.0,0.5,1.0,2.0,1.0,1.0,0.5,1.0,2.0,1.0,1.0,1.0,1.0,1.0,1.0,0.0,0.5,1.0
togetic,405,2,fairy,flying,0,0,0,0,1.0,0.25,1.0,2.0,0.0,2.0,0.25,1.0,2.0,1.0,1.0,0.5,2.0,1.0,2.0,0.0,0.5,1.0
togekiss,545,4,fairy,flying,0,0,0,0,1.0,0.25,1.0,2.0,0.0,2.0,0.25,1.0,2.0,1.0,1.0,0.5,2.0,1.0,2.0,0.0,0.5,1.0
munchlax,390,4,normal,,0,0,0,0,1.0,2.0,1.0,1.0,1.0,1.0,1.0,0.0,1.0,1.0,1.0,1.0,1.0,1.0,1.0,1.0,1.0,1.0
snorlax,540,1,normal,,0,0,0,0,1.0,2.0,1.0,1.0,1.0,1.0,1.0,0.0,1.0,1.0,1.0,1.0,1.0,1.0,1.0,1.0,1.0,1.0
cottonee,280,5,grass,fairy,0,0,0,0,1.0,0.5,2.0,4.0,0.5,1.0,1.0,1.0,2.0,2.0,0.5,0.5,0.5,1.0,2.0,0.0,0.5,1.0
whimsicott,480,5,grass,fairy,0,0,0,0,1.0,0.5,2.0,4.0,0.5,1.0,1.0,1.0,2.0,2.0,0.5,0.5,0.5,1.0,2.0,0.0,0.5,1.0
rhyhorn,345,1,ground,rock,0,0,0,0,0.5,2.0,0.5,0.25,2.0,0.5,1.0,1.0,2.0,0.5,4.0,4.0,0.0,1.0,2.0,1.0,1.0,1.0
rhydon,485,1,ground,rock,0,0,0,0,0.5,2.0,0.5,0.25,2.0,0.5,1.0,1.0,2.0,0.5,4.0,4.0,0.0,1.0,2.0,1.0,1.0,1.0
rhyperior,535,4,ground,rock,0,0,0,0,0.5,2.0,0.5,0.25,2.0,0.5,1.0,1.0,2.0,0.5,4.0,4.0,0.0,1.0,2.0,1.0,1.0,1.0
gothita,290,5,psychic,,0,0,0,0,1.0,0.5,1.0,1.0,1.0,1.0,2.0,2.0,1.0,1.0,1.0,1.0,1.0,0.5,1.0,1.0,2.0,1.0
gothorita,390,5,psychic,,0,0,0,0,1.0,0.5,1.0,1.0,1.0,1.0,2.0,2.0,1.0,1.0,1.0,1.0,1.0,0.5,1.0,1.0,2.0,1.0
gothitelle,490,5,psychic,,0,0,0,0,1.0,0.5,1.0,1.0,1.0,1.0,2.0,2.0,1.0,1.0,1.0,1.0,1.0,0.5,1.0,1.0,2.0,1.0
solosis,290,5,psychic,,0,0,0,0,1.0,0.5,1.0,1.0,1.0,1.0,2.0,2.0,1.0,1.0,1.0,1.0,1.0,0.5,1.0,1.0,2.0,1.0
duosion,370,5,psychic,,0,0,0,0,1.0,0.5,1.0,1.0,1.0,1.0,2.0,2.0,1.0,1.0,1.0,1.0,1.0,0.5,1.0,1.0,2.0,1.0
reuniclus,490,5,psychic,,0,0,0,0,1.0,0.5,1.0,1.0,1.0,1.0,2.0,2.0,1.0,1.0,1.0,1.0,1.0,0.5,1.0,1.0,2.0,1.0
karrablast,315,5,bug,,0,0,0,0,1.0,0.5,2.0,1.0,0.5,2.0,1.0,1.0,1.0,2.0,1.0,0.5,1.0,1.0,1.0,1.0,1.0,1.0
escavalier,495,5,bug,steel,0,0,0,0,0.5,1.0,1.0,0.0,1.0,1.0,0.5,1.0,0.5,4.0,1.0,0.25,1.0,0.5,0.5,0.5,1.0,0.5
shelmet,305,5,bug,,0,0,0,0,1.0,0.5,2.0,1.0,0.5,2.0,1.0,1.0,1.0,2.0,1.0,0.5,1.0,1.0,1.0,1.0,1.0,1.0
accelgor,495,5,bug,,0,0,0,0,1.0,0.5,2.0,1.0,0.5,2.0,1.0,1.0,1.0,2.0,1.0,0.5,1.0,1.0,1.0,1.0,1.0,1.0
elgyem,335,5,psychic,,0,0,0,0,1.0,0.5,1.0,1.0,1.0,1.0,2.0,2.0,1.0,1.0,1.0,1.0,1.0,0.5,1.0,1.0,2.0,1.0
beheeyem,485,5,psychic,,0,0,0,0,1.0,0.5,1.0,1.0,1.0,1.0,2.0,2.0,1.0,1.0,1.0,1.0,1.0,0.5,1.0,1.0,2.0,1.0
cubchoo,305,5,ice,,0,0,0,0,1.0,2.0,1.0,1.0,1.0,2.0,1.0,1.0,2.0,2.0,1.0,1.0,1.0,1.0,0.5,1.0,1.0,1.0
beartic,505,5,ice,,0,0,0,0,1.0,2.0,1.0,1.0,1.0,2.0,1.0,1.0,2.0,2.0,1.0,1.0,1.0,1.0,0.5,1.0,1.0,1.0
rufflet,350,5,normal,flying,0,0,0,0,1.0,1.0,1.0,1.0,0.0,2.0,0.5,0.0,1.0,1.0,1.0,0.5,2.0,1.0,2.0,1.0,1.0,1.0
braviary,510,5,normal,flying,0,0,0,0,1.0,1.0,1.0,1.0,0.0,2.0,0.5,0.0,1.0,1.0,1.0,0.5,2.0,1.0,2.0,1.0,1.0,1.0
vullaby,370,5,dark,flying,0,0,0,0,1.0,1.0,1.0,1.0,0.0,2.0,1.0,0.5,1.0,1.0,1.0,0.5,2.0,0.0,2.0,1.0,0.5,2.0
mandibuzz,510,5,dark,flying,0,0,0,0,1.0,1.0,1.0,1.0,0.0,2.0,1.0,0.5,1.0,1.0,1.0,0.5,2.0,0.0,2.0,1.0,0.5,2.0
skorupi,330,4,poison,bug,0,0,0,0,1.0,0.25,2.0,0.5,1.0,2.0,0.5,1.0,1.0,2.0,1.0,0.25,1.0,2.0,1.0,1.0,1.0,0.5
drapion,500,4,poison,dark,0,0,0,0,1.0,1.0,1.0,0.5,2.0,1.0,1.0,0.5,1.0,1.0,1.0,0.5,1.0,0.0,1.0,1.0,0.5,1.0
litwick,275,5,ghost,fire,0,0,0,0,0.0,0.0,1.0,0.5,2.0,2.0,0.25,2.0,0.5,0.5,2.0,0.5,1.0,1.0,0.5,1.0,2.0,0.5
lampent,370,5,ghost,fire,0,0,0,0,0.0,0.0,1.0,0.5,2.0,2.0,0.25,2.0,0.5,0.5,2.0,0.5,1.0,1.0,0.5,1.0,2.0,0.5
chandelure,520,5,ghost,fire,0,0,0,0,0.0,0.0,1.0,0.5,2.0,2.0,0.25,2.0,0.5,0.5,2.0,0.5,1.0,1.0,0.5,1.0,2.0,0.5
inkay,288,6,dark,psychic,0,0,0,0,1.0,1.0,1.0,1.0,1.0,1.0,4.0,1.0,1.0,1.0,1.0,1.0,1.0,0.0,1.0,1.0,1.0,2.0
malamar,482,6,dark,psychic,0,0,0,0,1.0,1.0,1.0,1.0,1.0,1.0,4.0,1.0,1.0,1.0,1.0,1.0,1.0,0.0,1.0,1.0,1.0,2.0
sneasel,430,2,dark,ice,0,0,0,0,1.0,4.0,1.0,1.0,1.0,2.0,2.0,0.5,2.0,2.0,1.0,1.0,1.0,0.0,0.5,1.0,0.5,2.0
weavile,510,4,dark,ice,0,0,0,0,1.0,4.0,1.0,1.0,1.0,2.0,2.0,0.5,2.0,2.0,1.0,1.0,1.0,0.0,0.5,1.0,0.5,2.0
sableye,380,3,dark,ghost,0,0,0,0,0.0,0.0,1.0,0.5,1.0,1.0,1.0,1.0,1.0,1.0,1.0,1.0,1.0,0.0,1.0,1.0,1.0,2.0
mawile,380,3,steel,fairy,0,0,0,0,0.5,1.0,0.5,0.0,2.0,0.5,0.25,1.0,1.0,2.0,1.0,0.5,1.0,0.5,0.5,0.0,0.5,0.5
maractus,461,5,grass,,0,0,0,0,1.0,1.0,2.0,2.0,0.5,1.0,2.0,1.0,1.0,2.0,0.5,0.5,0.5,1.0,2.0,1.0,1.0,1.0
sigilyph,490,5,psychic,flying,0,0,0,0,1.0,0.25,1.0,1.0,0.0,2.0,1.0,2.0,1.0,1.0,1.0,0.5,2.0,0.5,2.0,1.0,2.0,1.0
riolu,285,4,fighting,,0,0,0,0,1.0,1.0,2.0,1.0,1.0,0.5,0.5,1.0,1.0,1.0,1.0,1.0,1.0,2.0,1.0,1.0,0.5,2.0
lucario,525,4,fighting,steel,0,0,0,0,0.5,2.0,1.0,0.0,2.0,0.25,0.25,1.0,0.5,2.0,1.0,0.5,1.0,1.0,0.5,0.5,0.5,1.0
torkoal,470,3,fire,,0,0,0,0,1.0,1.0,1.0,1.0,2.0,2.0,0.5,1.0,0.5,0.5,2.0,0.5,1.0,1.0,0.5,1.0,1.0,0.5
mimikyu,476,7,ghost,fairy,0,0,0,0,0.0,0.0,1.0,1.0,1.0,1.0,0.25,2.0,2.0,1.0,1.0,1.0,1.0,1.0,1.0,0.0,1.0,1.0
cufant,330,8,steel,,0,0,0,0,0.5,2.0,0.5,0.0,2.0,0.5,0.5,1.0,0.5,2.0,1.0,0.5,1.0,0.5,0.5,0.5,1.0,0.5
copperajah,500,8,steel,,0,0,0,0,0.5,2.0,0.5,0.0,2.0,0.5,0.5,1.0,0.5,2.0,1.0,0.5,1.0,0.5,0.5,0.5,1.0,0.5
qwilfish,440,2,water,poison,0,0,0,0,1.0,0.5,1.0,0.5,2.0,1.0,0.5,1.0,0.5,0.5,0.5,1.0,2.0,2.0,0.5,1.0,1.0,0.5
frillish,335,5,water,ghost,0,0,0,0,0.0,0.0,1.0,0.5,1.0,1.0,0.5,2.0,0.5,0.5,0.5,2.0,2.0,1.0,0.5,1.0,2.0,1.0
jellicent,480,5,water,ghost,0,0,0,0,0.0,0.0,1.0,0.5,1.0,1.0,0.5,2.0,0.5,0.5,0.5,2.0,2.0,1.0,0.5,1.0,2.0,1.0
mareanie,305,7,poison,water,0,0,0,0,1.0,0.5,1.0,0.5,2.0,1.0,0.5,1.0,0.5,0.5,0.5,1.0,2.0,2.0,0.5,1.0,1.0,0.5
toxapex,495,7,poison,water,0,0,0,0,1.0,0.5,1.0,0.5,2.0,1.0,0.5,1.0,0.5,0.5,0.5,1.0,2.0,2.0,0.5,1.0,1.0,0.5
cramorant,475,8,flying,water,0,0,0,0,1.0,0.5,1.0,1.0,0.0,2.0,0.5,1.0,0.5,0.5,0.5,1.0,4.0,1.0,1.0,1.0,1.0,1.0
toxel,242,8,electric,poison,0,0,0,0,1.0,0.5,0.5,0.5,4.0,1.0,0.5,1.0,0.5,1.0,1.0,0.5,0.5,2.0,1.0,1.0,1.0,0.5
toxtricity,502,8,electric,poison,0,0,0,0,1.0,0.5,0.5,0.5,4.0,1.0,0.5,1.0,0.5,1.0,1.0,0.5,0.5,2.0,1.0,1.0,1.0,0.5
silicobra,315,8,ground,,0,0,0,0,1.0,1.0,1.0,0.5,1.0,0.5,1.0,1.0,1.0,1.0,2.0,2.0,0.0,1.0,2.0,1.0,1.0,1.0
sandaconda,510,8,ground,,0,0,0,0,1.0,1.0,1.0,0.5,1.0,0.5,1.0,1.0,1.0,1.0,2.0,2.0,0.0,1.0,2.0,1.0,1.0,1.0
hippopotas,330,4,ground,,0,0,0,0,1.0,1.0,1.0,0.5,1.0,0.5,1.0,1.0,1.0,1.0,2.0,2.0,0.0,1.0,2.0,1.0,1.0,1.0
hippowdon,525,4,ground,,0,0,0,0,1.0,1.0,1.0,0.5,1.0,0.5,1.0,1.0,1.0,1.0,2.0,2.0,0.0,1.0,2.0,1.0,1.0,1.0
durant,484,5,bug,steel,0,0,0,0,0.5,1.0,1.0,0.0,1.0,1.0,0.5,1.0,0.5,4.0,1.0,0.25,1.0,0.5,0.5,0.5,1.0,0.5
heatmor,484,5,fire,,0,0,0,0,1.0,1.0,1.0,1.0,2.0,2.0,0.5,1.0,0.5,0.5,2.0,0.5,1.0,1.0,0.5,1.0,1.0,0.5
helioptile,289,6,electric,normal,0,0,0,0,1.0,2.0,0.5,1.0,2.0,1.0,1.0,0.0,0.5,1.0,1.0,1.0,0.5,1.0,1.0,1.0,1.0,1.0
heliolisk,481,6,electric,normal,0,0,0,0,1.0,2.0,0.5,1.0,2.0,1.0,1.0,0.0,0.5,1.0,1.0,1.0,0.5,1.0,1.0,1.0,1.0,1.0
hawlucha,500,6,fighting,flying,0,0,0,0,1.0,0.5,2.0,1.0,0.0,1.0,0.25,1.0,1.0,1.0,1.0,0.5,2.0,2.0,2.0,1.0,0.5,2.0
trapinch,290,3,ground,,0,0,0,0,1.0,1.0,1.0,0.5,1.0,0.5,1.0,1.0,1.0,1.0,2.0,2.0,0.0,1.0,2.0,1.0,1.0,1.0
vibrava,340,3,ground,dragon,0,0,0,0,1.0,1.0,1.0,0.5,1.0,0.5,1.0,1.0,1.0,0.5,1.0,1.0,0.0,1.0,4.0,2.0,1.0,2.0
flygon,520,3,ground,dragon,0,0,0,0,1.0,1.0,1.0,0.5,1.0,0.5,1.0,1.0,1.0,0.5,1.0,1.0,0.0,1.0,4.0,2.0,1.0,2.0
axew,320,5,dragon,,0,0,0,0,1.0,1.0,1.0,1.0,1.0,1.0,1.0,1.0,1.0,0.5,0.5,0.5,0.5,1.0,2.0,2.0,1.0,2.0
fraxure,410,5,dragon,,0,0,0,0,1.0,1.0,1.0,1.0,1.0,1.0,1.0,1.0,1.0,0.5,0.5,0.5,0.5,1.0,2.0,2.0,1.0,2.0
haxorus,540,5,dragon,,0,0,0,0,1.0,1.0,1.0,1.0,1.0,1.0,1.0,1.0,1.0,0.5,0.5,0.5,0.5,1.0,2.0,2.0,1.0,2.0
yamask,303,5,ground,ghost,0,0,0,0,0.0,0.0,1.0,0.25,1.0,0.5,0.5,2.0,1.0,1.0,2.0,2.0,0.0,1.0,2.0,1.0,2.0,1.0
runerigus,483,8,ground,ghost,0,0,0,0,0.0,0.0,1.0,0.25,1.0,0.5,0.5,2.0,1.0,1.0,2.0,2.0,0.0,1.0,2.0,1.0,2.0,1.0
cofagrigus,483,5,ghost,,0,0,0,0,0.0,0.0,1.0,0.5,1.0,1.0,0.5,2.0,1.0,1.0,1.0,1.0,1.0,1.0,1.0,1.0,2.0,1.0
honedge,325,6,steel,ghost,0,0,0,0,0.0,0.0,0.5,0.0,2.0,0.5,0.25,2.0,0.5,2.0,1.0,0.5,1.0,0.5,0.5,0.5,2.0,0.5
doublade,448,6,steel,ghost,0,0,0,0,0.0,0.0,0.5,0.0,2.0,0.5,0.25,2.0,0.5,2.0,1.0,0.5,1.0,0.5,0.5,0.5,2.0,0.5
aegislash,500,6,steel,ghost,0,0,0,0,0.0,0.0,0.5,0.0,2.0,0.5,0.25,2.0,0.5,2.0,1.0,0.5,1.0,0.5,0.5,0.5,2.0,0.5
ponyta,410,1,psychic,,0,0,0,0,1.0,0.5,1.0,1.0,1.0,1.0,2.0,2.0,1.0,1.0,1.0,1.0,1.0,0.5,1.0,1.0,2.0,1.0
rapidash,500,1,psychic,fairy,0,0,0,0,1.0,0.25,1.0,2.0,1.0,1.0,1.0,2.0,2.0,1.0,1.0,1.0,1.0,0.5,1.0,0.0,1.0,1.0
sinistea,308,8,ghost,,0,0,0,0,0.0,0.0,1.0,0.5,1.0,1.0,0.5,2.0,1.0,1.0,1.0,1.0,1.0,1.0,1.0,1.0,2.0,1.0
polteageist,508,8,ghost,,0,0,0,0,0.0,0.0,1.0,0.5,1.0,1.0,0.5,2.0,1.0,1.0,1.0,1.0,1.0,1.0,1.0,1.0,2.0,1.0
indeedee,475,8,psychic,normal,0,0,0,0,1.0,1.0,1.0,1.0,1.0,1.0,2.0,0.0,1.0,1.0,1.0,1.0,1.0,0.5,1.0,1.0,2.0,1.0
phantump,309,6,ghost,grass,0,0,0,0,0.0,0.0,2.0,1.0,0.5,1.0,1.0,2.0,1.0,2.0,0.5,0.5,0.5,1.0,2.0,1.0,2.0,1.0
trevenant,474,6,ghost,grass,0,0,0,0,0.0,0.0,2.0,1.0,0.5,1.0,1.0,2.0,1.0,2.0,0.5,0.5,0.5,1.0,2.0,1.0,2.0,1.0
morelull,285,7,grass,fairy,0,0,0,0,1.0,0.5,2.0,4.0,0.5,1.0,1.0,1.0,2.0,2.0,0.5,0.5,0.5,1.0,2.0,0.0,0.5,1.0
shiinotic,405,7,grass,fairy,0,0,0,0,1.0,0.5,2.0,4.0,0.5,1.0,1.0,1.0,2.0,2.0,0.5,0.5,0.5,1.0,2.0,0.0,0.5,1.0
oranguru,490,7,normal,psychic,0,0,0,0,1.0,1.0,1.0,1.0,1.0,1.0,2.0,0.0,1.0,1.0,1.0,1.0,1.0,0.5,1.0,1.0,2.0,1.0
passimian,490,7,fighting,,0,0,0,0,1.0,1.0,2.0,1.0,1.0,0.5,0.5,1.0,1.0,1.0,1.0,1.0,1.0,2.0,1.0,1.0,0.5,2.0
morpeko,436,8,electric,dark,0,0,0,0,1.0,2.0,0.5,1.0,2.0,1.0,2.0,0.5,0.5,1.0,1.0,1.0,0.5,0.0,1.0,1.0,0.5,2.0
falinks,470,8,fighting,,0,0,0,0,1.0,1.0,2.0,1.0,1.0,0.5,0.5,1.0,1.0,1.0,1.0,1.0,1.0,2.0,1.0,1.0,0.5,2.0
drampa,485,7,normal,dragon,0,0,0,0,1.0,2.0,1.0,1.0,1.0,1.0,1.0,0.0,1.0,0.5,0.5,0.5,0.5,1.0,2.0,2.0,1.0,2.0
turtonator,485,7,fire,dragon,0,0,0,0,1.0,1.0,1.0,1.0,2.0,2.0,0.5,1.0,0.5,0.25,1.0,0.25,0.5,1.0,1.0,2.0,1.0,1.0
togedemaru,435,7,electric,steel,0,0,0,0,0.5,2.0,0.25,0.0,4.0,0.5,0.5,1.0,0.25,2.0,1.0,0.5,0.5,0.5,0.5,0.5,1.0,0.5
snom,185,8,ice,bug,0,0,0,0,1.0,1.0,2.0,1.0,0.5,4.0,1.0,1.0,2.0,4.0,1.0,0.5,1.0,1.0,0.5,1.0,1.0,1.0
frosmoth,475,8,ice,bug,0,0,0,0,1.0,1.0,2.0,1.0,0.5,4.0,1.0,1.0,2.0,4.0,1.0,0.5,1.0,1.0,0.5,1.0,1.0,1.0
clobbopus,310,8,fighting,,0,0,0,0,1.0,1.0,2.0,1.0,1.0,0.5,0.5,1.0,1.0,1.0,1.0,1.0,1.0,2.0,1.0,1.0,0.5,2.0
grapploct,480,8,fighting,,0,0,0,0,1.0,1.0,2.0,1.0,1.0,0.5,0.5,1.0,1.0,1.0,1.0,1.0,1.0,2.0,1.0,1.0,0.5,2.0
pincurchin,435,8,electric,,0,0,0,0,1.0,1.0,0.5,1.0,2.0,1.0,1.0,1.0,0.5,1.0,1.0,1.0,0.5,1.0,1.0,1.0,1.0,1.0
mantyke,345,4,water,flying,0,0,0,0,1.0,0.5,1.0,1.0,0.0,2.0,0.5,1.0,0.5,0.5,0.5,1.0,4.0,1.0,1.0,1.0,1.0,1.0
mantine,485,2,water,flying,0,0,0,0,1.0,0.5,1.0,1.0,0.0,2.0,0.5,1.0,0.5,0.5,0.5,1.0,4.0,1.0,1.0,1.0,1.0,1.0
wailmer,400,3,water,,0,0,0,0,1.0,1.0,1.0,1.0,1.0,1.0,1.0,1.0,0.5,0.5,0.5,2.0,2.0,1.0,0.5,1.0,1.0,1.0
wailord,500,3,water,,0,0,0,0,1.0,1.0,1.0,1.0,1.0,1.0,1.0,1.0,0.5,0.5,0.5,2.0,2.0,1.0,0.5,1.0,1.0,1.0
bergmite,304,6,ice,,0,0,0,0,1.0,2.0,1.0,1.0,1.0,2.0,1.0,1.0,2.0,2.0,1.0,1.0,1.0,1.0,0.5,1.0,1.0,1.0
avalugg,514,6,ice,,0,0,0,0,1.0,2.0,1.0,1.0,1.0,2.0,1.0,1.0,2.0,2.0,1.0,1.0,1.0,1.0,0.5,1.0,1.0,1.0
dhelmise,517,7,ghost,grass,0,0,0,0,0.0,0.0,2.0,1.0,0.5,1.0,1.0,2.0,1.0,2.0,0.5,0.5,0.5,1.0,2.0,1.0,2.0,1.0
lapras,535,1,water,ice,0,0,0,0,1.0,2.0,1.0,1.0,1.0,2.0,1.0,1.0,1.0,1.0,0.5,2.0,2.0,1.0,0.25,1.0,1.0,1.0
lunatone,460,3,rock,psychic,0,0,0,0,0.5,1.0,0.5,0.5,2.0,1.0,2.0,2.0,2.0,0.5,2.0,2.0,1.0,0.5,1.0,1.0,2.0,1.0
solrock,460,3,rock,psychic,0,0,0,0,0.5,1.0,0.5,0.5,2.0,1.0,2.0,2.0,2.0,0.5,2.0,2.0,1.0,0.5,1.0,1.0,2.0,1.0
mime jr.,310,4,psychic,fairy,0,0,0,0,1.0,0.25,1.0,2.0,1.0,1.0,1.0,2.0,2.0,1.0,1.0,1.0,1.0,0.5,1.0,0.0,1.0,1.0
mr. mime,460,1,ice,psychic,0,0,0,0,1.0,1.0,1.0,1.0,1.0,2.0,2.0,2.0,2.0,2.0,1.0,1.0,1.0,0.5,0.5,1.0,2.0,1.0
mr. rime,520,8,ice,psychic,0,0,0,0,1.0,1.0,1.0,1.0,1.0,2.0,2.0,2.0,2.0,2.0,1.0,1.0,1.0,0.5,0.5,1.0,2.0,1.0
darumaka,315,5,ice,,0,0,0,0,1.0,2.0,1.0,1.0,1.0,2.0,1.0,1.0,2.0,2.0,1.0,1.0,1.0,1.0,0.5,1.0,1.0,1.0
darmanitan,480,5,ice,,0,0,0,0,1.0,2.0,1.0,1.0,1.0,2.0,1.0,1.0,2.0,2.0,1.0,1.0,1.0,1.0,0.5,1.0,1.0,1.0
stonjourner,470,8,rock,,0,0,0,0,0.5,2.0,0.5,0.5,2.0,1.0,1.0,1.0,2.0,0.5,2.0,2.0,1.0,1.0,1.0,1.0,1.0,1.0
eiscue,470,8,ice,,0,0,0,0,1.0,2.0,1.0,1.0,1.0,2.0,1.0,1.0,2.0,2.0,1.0,1.0,1.0,1.0,0.5,1.0,1.0,1.0
duraludon,535,8,steel,dragon,0,0,0,0,0.5,2.0,0.5,0.0,2.0,0.5,0.5,1.0,0.5,1.0,0.5,0.25,0.5,0.5,1.0,1.0,1.0,1.0
rotom,440,4,electric,ghost,0,0,0,0,0.0,0.0,0.5,0.5,2.0,1.0,0.5,2.0,0.5,1.0,1.0,1.0,0.5,1.0,1.0,1.0,2.0,1.0
ditto,288,1,normal,,0,0,0,0,1.0,2.0,1.0,1.0,1.0,1.0,1.0,0.0,1.0,1.0,1.0,1.0,1.0,1.0,1.0,1.0,1.0,1.0
dracozolt,505,8,electric,dragon,0,0,0,0,1.0,1.0,0.5,1.0,2.0,1.0,1.0,1.0,0.5,0.5,0.5,0.5,0.25,1.0,2.0,2.0,1.0,2.0
arctozolt,505,8,electric,ice,0,0,0,0,1.0,2.0,0.5,1.0,2.0,2.0,1.0,1.0,1.0,2.0,1.0,1.0,0.5,1.0,0.5,1.0,1.0,1.0
dracovish,505,8,water,dragon,0,0,0,0,1.0,1.0,1.0,1.0,1.0,1.0,1.0,1.0,0.5,0.25,0.25,1.0,1.0,1.0,1.0,2.0,1.0,2.0
arctovish,505,8,water,ice,0,0,0,0,1.0,2.0,1.0,1.0,1.0,2.0,1.0,1.0,1.0,1.0,0.5,2.0,2.0,1.0,0.25,1.0,1.0,1.0
charmander,309,1,fire,,0,0,0,0,1.0,1.0,1.0,1.0,2.0,2.0,0.5,1.0,0.5,0.5,2.0,0.5,1.0,1.0,0.5,1.0,1.0,0.5
charmeleon,405,1,fire,,0,0,0,0,1.0,1.0,1.0,1.0,2.0,2.0,0.5,1.0,0.5,0.5,2.0,0.5,1.0,1.0,0.5,1.0,1.0,0.5
charizard,534,1,fire,flying,1,0,0,0,1.0,0.5,1.0,1.0,0.0,4.0,0.25,1.0,0.5,0.5,2.0,0.25,2.0,1.0,1.0,1.0,1.0,0.5
type: null,534,7,normal,,0,0,0,0,1.0,2.0,1.0,1.0,1.0,1.0,1.0,0.0,1.0,1.0,1.0,1.0,1.0,1.0,1.0,1.0,1.0,1.0
silvally,570,7,normal,,0,1,0,0,1.0,2.0,1.0,1.0,1.0,1.0,1.0,0.0,1.0,1.0,1.0,1.0,1.0,1.0,1.0,1.0,1.0,1.0
larvitar,300,2,rock,ground,0,0,0,0,0.5,2.0,0.5,0.25,2.0,0.5,1.0,1.0,2.0,0.5,4.0,4.0,0.0,1.0,2.0,1.0,1.0,1.0
pupitar,410,2,rock,ground,0,0,0,0,0.5,2.0,0.5,0.25,2.0,0.5,1.0,1.0,2.0,0.5,4.0,4.0,0.0,1.0,2.0,1.0,1.0,1.0
tyranitar,600,2,rock,dark,0,0,1,0,0.5,4.0,0.5,0.5,2.0,1.0,2.0,0.5,2.0,0.5,2.0,2.0,1.0,0.0,1.0,1.0,0.5,2.0
deino,300,5,dark,dragon,0,0,0,0,1.0,2.0,1.0,1.0,1.0,1.0,2.0,0.5,1.0,0.5,0.5,0.5,0.5,0.0,2.0,2.0,0.5,4.0
zweilous,420,5,dark,dragon,0,0,0,0,1.0,2.0,1.0,1.0,1.0,1.0,2.0,0.5,1.0,0.5,0.5,0.5,0.5,0.0,2.0,2.0,0.5,4.0
hydreigon,600,5,dark,dragon,0,0,1,0,1.0,2.0,1.0,1.0,1.0,1.0,2.0,0.5,1.0,0.5,0.5,0.5,0.5,0.0,2.0,2.0,0.5,4.0
goomy,300,6,dragon,,0,0,0,0,1.0,1.0,1.0,1.0,1.0,1.0,1.0,1.0,1.0,0.5,0.5,0.5,0.5,1.0,2.0,2.0,1.0,2.0
sliggoo,452,6,dragon,,0,0,0,0,1.0,1.0,1.0,1.0,1.0,1.0,1.0,1.0,1.0,0.5,0.5,0.5,0.5,1.0,2.0,2.0,1.0,2.0
goodra,600,6,dragon,,0,0,1,0,1.0,1.0,1.0,1.0,1.0,1.0,1.0,1.0,1.0,0.5,0.5,0.5,0.5,1.0,2.0,2.0,1.0,2.0
jangmo-o,300,7,dragon,,0,0,0,0,1.0,1.0,1.0,1.0,1.0,1.0,1.0,1.0,1.0,0.5,0.5,0.5,0.5,1.0,2.0,2.0,1.0,2.0
hakamo-o,420,7,dragon,fighting,0,0,0,0,1.0,1.0,2.0,1.0,1.0,0.5,0.5,1.0,1.0,0.5,0.5,0.5,0.5,2.0,2.0,2.0,0.5,4.0
kommo-o,600,7,dragon,fighting,0,0,1,0,1.0,1.0,2.0,1.0,1.0,0.5,0.5,1.0,1.0,0.5,0.5,0.5,0.5,2.0,2.0,2.0,0.5,4.0
dreepy,270,8,dragon,ghost,0,0,0,0,0.0,0.0,1.0,0.5,1.0,1.0,0.5,2.0,1.0,0.5,0.5,0.5,0.5,1.0,2.0,2.0,2.0,2.0
drakloak,410,8,dragon,ghost,0,0,0,0,0.0,0.0,1.0,0.5,1.0,1.0,0.5,2.0,1.0,0.5,0.5,0.5,0.5,1.0,2.0,2.0,2.0,2.0
dragapult,600,8,dragon,ghost,0,0,1,0,0.0,0.0,1.0,0.5,1.0,1.0,0.5,2.0,1.0,0.5,0.5,0.5,0.5,1.0,2.0,2.0,2.0,2.0
zacian,660,8,fairy,,0,1,0,0,1.0,0.5,1.0,2.0,1.0,1.0,0.5,1.0,2.0,1.0,1.0,1.0,1.0,1.0,1.0,0.0,0.5,1.0
zamazenta,660,8,fighting,,0,1,0,0,1.0,1.0,2.0,1.0,1.0,0.5,0.5,1.0,1.0,1.0,1.0,1.0,1.0,2.0,1.0,1.0,0.5,2.0
eternatus,690,8,poison,dragon,0,1,0,0,1.0,0.5,1.0,0.5,2.0,1.0,0.5,1.0,1.0,0.5,0.5,0.25,0.5,2.0,2.0,2.0,1.0,1.0
